# FileDumpOut Hex Dump
Source-File: 四角サンプル.mif
Source-Path: D:\DelphiProg\test\VectArtDesigner\mif\四角サンプル.mif
File-Size: 20820 bytes
Last-Modified-UTC: 2026-08-25T04:54:26.758Z
Generated-UTC: 2026-09-08T05:24:52.694Z
Bytes-Per-Line: 16
Columns: offset | hexadecimal bytes | ASCII (non-printable bytes are periods)

OFFSET           | 00 01 02 03 04 05 06 07  08 09 0A 0B 0C 0D 0E 0F | ASCII
-----------------+---------------------------------------------------+-----------------
0000000000000000 | 4D 49 4D 47 0D 0A 1A 00  00 00 00 04 4D 48 44 52 | MIMG........MHDR
0000000000000010 | 00 00 00 02 00 00 2D 1F  49 50 4E 47 89 50 4E 47 | ......-.IPNG.PNG
0000000000000020 | 0D 0A 1A 0A 00 00 00 0D  49 48 44 52 00 00 07 80 | ........IHDR....
0000000000000030 | 00 00 04 38 08 06 00 00  00 E8 D3 C1 43 00 00 00 | ...8........C...
0000000000000040 | 04 73 42 49 54 08 08 08  08 7C 08 64 88 00 00 00 | .sBIT....|.d....
0000000000000050 | 09 70 48 59 73 00 00 0B  12 00 00 0B 12 01 D2 DD | .pHYs...........
0000000000000060 | 7E FC 00 00 00 20 74 45  58 74 61 70 70 6C 69 63 | ~.... tEXtapplic
0000000000000070 | 61 74 69 6F 6E 20 6E 61  6D 65 00 57 65 62 41 72 | ation name.WebAr
0000000000000080 | 74 20 44 65 73 69 67 6E  65 72 6A 3D ED 32 00 00 | t Designerj=.2..
0000000000000090 | 02 2D 74 45 58 74 56 65  63 74 41 72 74 44 65 73 | .-tEXtVectArtDes
00000000000000A0 | 69 67 6E 65 72 20 64 6F  63 75 6D 65 6E 74 00 7B | igner document.{
00000000000000B0 | 22 76 65 72 73 69 6F 6E  22 3A 31 2C 22 63 61 6E | "version":1,"can
00000000000000C0 | 76 61 73 22 3A 7B 22 77  69 64 74 68 22 3A 31 39 | vas":{"width":19
00000000000000D0 | 32 30 2C 22 68 65 69 67  68 74 22 3A 31 30 38 30 | 20,"height":1080
00000000000000E0 | 2C 22 62 61 63 6B 67 72  6F 75 6E 64 43 6F 6C 6F | ,"backgroundColo
00000000000000F0 | 72 22 3A 31 36 37 37 37  32 31 35 2C 22 74 72 61 | r":16777215,"tra
0000000000000100 | 6E 73 70 61 72 65 6E 74  22 3A 66 61 6C 73 65 7D | nsparent":false}
0000000000000110 | 2C 22 6C 61 79 65 72 73  22 3A 5B 7B 22 74 79 70 | ,"layers":[{"typ
0000000000000120 | 65 22 3A 22 72 65 63 74  61 6E 67 6C 65 22 2C 22 | e":"rectangle","
0000000000000130 | 6E 61 6D 65 22 3A 22 52  65 63 74 61 6E 67 6C 65 | name":"Rectangle
0000000000000140 | 20 31 22 2C 22 6C 65 66  74 22 3A 34 34 35 2E 35 |  1","left":445.5
0000000000000150 | 38 34 39 33 30 34 31 39  39 32 32 2C 22 74 6F 70 | 84930419922,"top
0000000000000160 | 22 3A 32 32 38 2E 32 32  36 34 32 35 31 37 30 38 | ":228.2264251708
0000000000000170 | 39 38 2C 22 72 69 67 68  74 22 3A 39 31 32 2E 39 | 98,"right":912.9
0000000000000180 | 30 35 37 30 30 36 38 33  35 39 34 2C 22 62 6F 74 | 05700683594,"bot
0000000000000190 | 74 6F 6D 22 3A 34 38 35  2E 34 33 33 39 39 30 34 | tom":485.4339904
00000000000001A0 | 37 38 35 31 36 2C 22 66  69 6C 6C 43 6F 6C 6F 72 | 78516,"fillColor
00000000000001B0 | 22 3A 31 34 38 34 38 30  37 34 2C 22 6F 70 61 63 | ":14848074,"opac
00000000000001C0 | 69 74 79 22 3A 31 2E 30  2C 22 76 69 73 69 62 6C | ity":1.0,"visibl
00000000000001D0 | 65 22 3A 74 72 75 65 2C  22 6C 6F 63 6B 65 64 22 | e":true,"locked"
00000000000001E0 | 3A 66 61 6C 73 65 7D 2C  7B 22 74 79 70 65 22 3A | :false},{"type":
00000000000001F0 | 22 72 65 63 74 61 6E 67  6C 65 22 2C 22 6E 61 6D | "rectangle","nam
0000000000000200 | 65 22 3A 22 52 65 63 74  61 6E 67 6C 65 20 32 22 | e":"Rectangle 2"
0000000000000210 | 2C 22 6C 65 66 74 22 3A  31 31 30 31 2E 32 38 33 | ,"left":1101.283
0000000000000220 | 30 38 31 30 35 34 36 39  2C 22 74 6F 70 22 3A 34 | 08105469,"top":4
0000000000000230 | 30 35 2E 37 33 35 38 37  30 33 36 31 33 32 38 2C | 05.735870361328,
0000000000000240 | 22 72 69 67 68 74 22 3A  31 33 34 30 2E 33 37 37 | "right":1340.377
0000000000000250 | 34 34 31 34 30 36 32 35  2C 22 62 6F 74 74 6F 6D | 44140625,"bottom
0000000000000260 | 22 3A 36 33 30 2E 33 33  39 36 36 30 36 34 34 35 | ":630.3396606445
0000000000000270 | 33 31 2C 22 66 69 6C 6C  43 6F 6C 6F 72 22 3A 32 | 31,"fillColor":2
0000000000000280 | 35 35 2C 22 6F 70 61 63  69 74 79 22 3A 31 2E 30 | 55,"opacity":1.0
0000000000000290 | 2C 22 76 69 73 69 62 6C  65 22 3A 74 72 75 65 2C | ,"visible":true,
00000000000002A0 | 22 6C 6F 63 6B 65 64 22  3A 66 61 6C 73 65 7D 5D | "locked":false}]
00000000000002B0 | 2C 22 73 65 6C 65 63 74  65 64 49 6E 64 65 78 22 | ,"selectedIndex"
00000000000002C0 | 3A 32 7D 64 F2 F8 22 00  00 00 18 77 61 44 41 61 | :2}d.."....waDAa
00000000000002D0 | 70 70 6C 69 63 61 74 69  6F 6E 20 76 65 72 73 69 | pplication versi
00000000000002E0 | 6F 6E 00 00 00 02 BC 03  6E 03 91 00 00 00 1A 77 | on......n......w
00000000000002F0 | 61 44 41 62 61 63 6B 67  72 6F 75 6E 64 20 70 61 | aDAbackground pa
0000000000000300 | 67 65 20 69 6E 64 65 78  00 00 00 00 00 CF 2C 84 | ge index......,.
0000000000000310 | A8 00 00 20 00 49 44 41  54 78 9C EC DC B1 49 1D | ... .IDATx....I.
0000000000000320 | 60 18 86 D1 DF 78 25 92  42 2C 6E A3 95 FD 1D 22 | `....x%.B,n...."
0000000000000330 | 1B 64 07 1B 67 B0 73 13  27 70 01 27 48 15 B0 B4 | .d..g.s.'p.'H...
0000000000000340 | B1 B6 11 0B 21 08 42 B8  59 40 12 04 F5 F7 3E 9E | ....!.B.Y@....>.
0000000000000350 | 33 C1 DB 3F 1F DF D6 7A  BD 5E 0F 00 00 00 00 00 | 3..?...z.^......
0000000000000360 | 00 00 36 DE 97 D9 03 00  00 00 00 00 00 00 78 1D | ..6...........x.
0000000000000370 | 02 30 00 00 00 00 00 00  40 84 00 0C 00 00 00 00 | .0......@.......
0000000000000380 | 00 00 10 21 00 03 00 00  00 00 00 00 44 08 C0 00 | ...!........D...
0000000000000390 | 00 00 00 00 00 00 11 02  30 00 00 00 00 00 00 40 | ........0......@
00000000000003A0 | 84 00 0C 00 00 00 00 00  00 10 21 00 03 00 00 00 | ..........!.....
00000000000003B0 | 00 00 00 44 08 C0 00 00  00 00 00 00 00 11 02 30 | ...D...........0
00000000000003C0 | 00 00 00 00 00 00 40 84  00 0C 00 00 00 00 00 00 | ......@.........
00000000000003D0 | 10 21 00 03 00 00 00 00  00 00 44 08 C0 00 00 00 | .!........D.....
00000000000003E0 | 00 00 00 00 11 02 30 00  00 00 00 00 00 40 84 00 | ......0......@..
00000000000003F0 | 0C 00 00 00 00 00 00 10  21 00 03 00 00 00 00 00 | ........!.......
0000000000000400 | 00 44 08 C0 00 00 00 00  00 00 00 11 02 30 00 00 | .D...........0..
0000000000000410 | 00 00 00 00 40 84 00 0C  00 00 00 00 00 00 10 21 | ....@..........!
0000000000000420 | 00 03 00 00 00 00 00 00  44 08 C0 00 00 00 00 00 | ........D.......
0000000000000430 | 00 00 11 02 30 00 00 00  00 00 00 40 84 00 0C 00 | ....0......@....
0000000000000440 | 00 00 00 00 00 10 21 00  03 00 00 00 00 00 00 44 | ......!........D
0000000000000450 | 08 C0 00 00 00 00 00 00  00 11 02 30 00 00 00 00 | ...........0....
0000000000000460 | 00 00 40 84 00 0C 00 00  00 00 00 00 10 21 00 03 | ..@..........!..
0000000000000470 | 00 00 00 00 00 00 44 08  C0 00 00 00 00 00 00 00 | ......D.........
0000000000000480 | 11 02 30 00 00 00 00 00  00 40 84 00 0C 00 00 00 | ..0......@......
0000000000000490 | 00 00 00 10 21 00 03 00  00 00 00 00 00 44 08 C0 | ....!........D..
00000000000004A0 | 00 00 00 00 00 00 00 11  02 30 00 00 00 00 00 00 | .........0......
00000000000004B0 | 40 84 00 0C 00 00 00 00  00 00 10 21 00 03 00 00 | @..........!....
00000000000004C0 | 00 00 00 00 44 08 C0 00  00 00 00 00 00 00 11 02 | ....D...........
00000000000004D0 | 30 00 00 00 00 00 00 40  84 00 0C 00 00 00 00 00 | 0......@........
00000000000004E0 | 00 10 21 00 03 00 00 00  00 00 00 44 08 C0 00 00 | ..!........D....
00000000000004F0 | 00 00 00 00 00 11 02 30  00 00 00 00 00 00 40 84 | .......0......@.
0000000000000500 | 00 0C 00 00 00 00 00 00  10 21 00 03 00 00 00 00 | .........!......
0000000000000510 | 00 00 44 08 C0 00 00 00  00 00 00 00 11 02 30 00 | ..D...........0.
0000000000000520 | 00 00 00 00 00 40 84 00  0C 00 00 00 00 00 00 10 | .....@..........
0000000000000530 | 21 00 03 00 00 00 00 00  00 44 08 C0 00 00 00 00 | !........D......
0000000000000540 | 00 00 00 11 02 30 00 00  00 00 00 00 40 84 00 0C | .....0......@...
0000000000000550 | 00 00 00 00 00 00 10 21  00 03 00 00 00 00 00 00 | .......!........
0000000000000560 | 44 08 C0 00 00 00 00 00  00 00 11 02 30 00 00 00 | D...........0...
0000000000000570 | 00 00 00 40 84 00 0C 00  00 00 00 00 00 10 21 00 | ...@..........!.
0000000000000580 | 03 00 00 00 00 00 00 44  08 C0 00 00 00 00 00 00 | .......D........
0000000000000590 | 00 11 02 30 00 00 00 00  00 00 40 84 00 0C 00 00 | ...0......@.....
00000000000005A0 | 00 00 00 00 10 21 00 03  00 00 00 00 00 00 44 08 | .....!........D.
00000000000005B0 | C0 00 00 00 00 00 00 00  11 02 30 00 00 00 00 00 | ..........0.....
00000000000005C0 | 00 40 84 00 0C 00 00 00  00 00 00 10 21 00 03 00 | .@..........!...
00000000000005D0 | 00 00 00 00 00 44 08 C0  00 00 00 00 00 00 00 11 | .....D..........
00000000000005E0 | 02 30 00 00 00 00 00 00  40 84 00 0C 00 00 00 00 | .0......@.......
00000000000005F0 | 00 00 10 21 00 03 00 00  00 00 00 00 44 08 C0 00 | ...!........D...
0000000000000600 | 00 00 00 00 00 00 11 02  30 00 00 00 00 00 00 40 | ........0......@
0000000000000610 | 84 00 0C 00 00 00 00 00  00 10 21 00 03 00 00 00 | ..........!.....
0000000000000620 | 00 00 00 44 08 C0 00 00  00 00 00 00 00 11 02 30 | ...D...........0
0000000000000630 | 00 00 00 00 00 00 40 84  00 0C 00 00 00 00 00 00 | ......@.........
0000000000000640 | 10 21 00 03 00 00 00 00  00 00 44 08 C0 00 00 00 | .!........D.....
0000000000000650 | 00 00 00 00 11 02 30 00  00 00 00 00 00 40 84 00 | ......0......@..
0000000000000660 | 0C 00 00 00 00 00 00 10  21 00 03 00 00 00 00 00 | ........!.......
0000000000000670 | 00 44 08 C0 00 00 00 00  00 00 00 11 02 30 00 00 | .D...........0..
0000000000000680 | 00 00 00 00 40 84 00 0C  00 00 00 00 00 00 10 21 | ....@..........!
0000000000000690 | 00 03 00 00 00 00 00 00  44 08 C0 00 00 00 00 00 | ........D.......
00000000000006A0 | 00 00 11 02 30 00 00 00  00 00 00 40 84 00 0C 00 | ....0......@....
00000000000006B0 | 00 00 00 00 00 10 21 00  03 00 00 00 00 00 00 44 | ......!........D
00000000000006C0 | 08 C0 00 00 00 00 00 00  00 11 02 30 00 00 00 00 | ...........0....
00000000000006D0 | 00 00 40 84 00 0C 00 00  00 00 00 00 10 21 00 03 | ..@..........!..
00000000000006E0 | 00 00 00 00 00 00 44 08  C0 00 00 00 00 00 00 00 | ......D.........
00000000000006F0 | 11 02 30 00 00 00 00 00  00 40 84 00 0C 00 00 00 | ..0......@......
0000000000000700 | 00 00 00 10 21 00 03 00  00 00 00 00 00 44 08 C0 | ....!........D..
0000000000000710 | 00 00 00 00 00 00 00 11  02 30 00 00 00 00 00 00 | .........0......
0000000000000720 | 40 84 00 0C 00 00 00 00  00 00 10 21 00 03 00 00 | @..........!....
0000000000000730 | 00 00 00 00 44 08 C0 00  00 00 00 00 00 00 11 02 | ....D...........
0000000000000740 | 30 00 00 00 00 00 00 40  84 00 0C 00 00 00 00 00 | 0......@........
0000000000000750 | 00 10 21 00 03 00 00 00  00 00 00 44 08 C0 00 00 | ..!........D....
0000000000000760 | 00 00 00 00 00 11 02 30  00 00 00 00 00 00 40 84 | .......0......@.
0000000000000770 | 00 0C 00 00 00 00 00 00  10 21 00 03 00 00 00 00 | .........!......
0000000000000780 | 00 00 44 08 C0 00 00 00  00 00 00 00 11 02 30 00 | ..D...........0.
0000000000000790 | 00 00 00 00 00 40 84 00  0C 00 00 00 00 00 00 10 | .....@..........
00000000000007A0 | 21 00 03 00 00 00 00 00  00 44 08 C0 00 00 00 00 | !........D......
00000000000007B0 | 00 00 00 11 02 30 00 00  00 00 00 00 40 84 00 0C | .....0......@...
00000000000007C0 | 00 00 00 00 00 00 10 21  00 03 00 00 00 00 00 00 | .......!........
00000000000007D0 | 44 08 C0 00 00 00 00 00  00 00 11 02 30 00 00 00 | D...........0...
00000000000007E0 | 00 00 00 40 84 00 0C 00  00 00 00 00 00 10 21 00 | ...@..........!.
00000000000007F0 | 03 00 00 00 00 00 00 44  08 C0 00 00 00 00 00 00 | .......D........
0000000000000800 | 00 11 02 30 00 00 00 00  00 00 40 84 00 0C 00 00 | ...0......@.....
0000000000000810 | 00 00 00 00 10 21 00 03  00 00 00 00 00 00 44 08 | .....!........D.
0000000000000820 | C0 00 00 00 00 00 00 00  11 02 30 00 00 00 00 00 | ..........0.....
0000000000000830 | 00 40 84 00 0C 00 00 00  00 00 00 10 21 00 03 00 | .@..........!...
0000000000000840 | 00 00 00 00 00 44 08 C0  00 00 00 00 00 00 00 11 | .....D..........
0000000000000850 | 02 30 00 00 00 00 00 00  40 84 00 0C 00 00 00 00 | .0......@.......
0000000000000860 | 00 00 10 21 00 03 00 00  00 00 00 00 44 08 C0 00 | ...!........D...
0000000000000870 | 00 00 00 00 00 00 11 02  30 00 00 00 00 00 00 40 | ........0......@
0000000000000880 | 84 00 0C 00 00 00 00 00  00 10 21 00 03 00 00 00 | ..........!.....
0000000000000890 | 00 00 00 44 08 C0 00 00  00 00 00 00 00 11 02 30 | ...D...........0
00000000000008A0 | 00 00 00 00 00 00 40 84  00 0C 00 00 00 00 00 00 | ......@.........
00000000000008B0 | 10 21 00 03 00 00 00 00  00 00 44 08 C0 00 00 00 | .!........D.....
00000000000008C0 | 00 00 00 00 11 02 30 00  00 00 00 00 00 40 84 00 | ......0......@..
00000000000008D0 | 0C 00 00 00 00 00 00 10  21 00 03 00 00 00 00 00 | ........!.......
00000000000008E0 | 00 44 08 C0 00 00 00 00  00 00 00 11 02 30 00 00 | .D...........0..
00000000000008F0 | 00 00 00 00 40 84 00 0C  00 00 00 00 00 00 10 21 | ....@..........!
0000000000000900 | 00 03 00 00 00 00 00 00  44 08 C0 00 00 00 00 00 | ........D.......
0000000000000910 | 00 00 11 02 30 00 00 00  00 00 00 40 84 00 0C 00 | ....0......@....
0000000000000920 | 00 00 00 00 00 10 21 00  03 00 00 00 00 00 00 44 | ......!........D
0000000000000930 | 08 C0 00 00 00 00 00 00  00 11 02 30 00 00 00 00 | ...........0....
0000000000000940 | 00 00 40 84 00 0C 00 00  00 00 00 00 10 21 00 03 | ..@..........!..
0000000000000950 | 00 00 00 00 00 00 44 08  C0 00 00 00 00 00 00 00 | ......D.........
0000000000000960 | 11 02 30 00 00 00 00 00  00 40 84 00 0C 00 00 00 | ..0......@......
0000000000000970 | 00 00 00 10 21 00 03 00  00 00 00 00 00 44 08 C0 | ....!........D..
0000000000000980 | 00 00 00 00 00 00 00 11  02 30 00 00 00 00 00 00 | .........0......
0000000000000990 | 40 84 00 0C 00 00 00 00  00 00 10 21 00 03 00 00 | @..........!....
00000000000009A0 | 00 00 00 00 44 08 C0 00  00 00 00 00 00 00 11 02 | ....D...........
00000000000009B0 | 30 00 00 00 00 00 00 40  84 00 0C 00 00 00 00 00 | 0......@........
00000000000009C0 | 00 10 21 00 03 00 00 00  00 00 00 44 08 C0 00 00 | ..!........D....
00000000000009D0 | 00 00 00 00 00 11 02 30  00 00 00 00 00 00 40 84 | .......0......@.
00000000000009E0 | 00 0C 00 00 00 00 00 00  10 21 00 03 00 00 00 00 | .........!......
00000000000009F0 | 00 00 44 08 C0 00 00 00  00 00 00 00 11 02 30 00 | ..D...........0.
0000000000000A00 | 00 00 00 00 00 40 84 00  0C 00 00 00 00 00 00 10 | .....@..........
0000000000000A10 | 21 00 03 00 00 00 00 00  00 44 08 C0 00 00 00 00 | !........D......
0000000000000A20 | 00 00 00 11 02 30 00 00  00 00 00 00 40 84 00 0C | .....0......@...
0000000000000A30 | 00 00 00 00 00 00 10 21  00 03 00 00 00 00 00 00 | .......!........
0000000000000A40 | 44 08 C0 00 00 00 00 00  00 00 11 02 30 00 00 00 | D...........0...
0000000000000A50 | 00 00 00 40 84 00 0C 00  00 00 00 00 00 10 21 00 | ...@..........!.
0000000000000A60 | 03 00 00 00 00 00 00 44  08 C0 00 00 00 00 00 00 | .......D........
0000000000000A70 | 00 11 02 30 00 00 00 00  00 00 40 84 00 0C 00 00 | ...0......@.....
0000000000000A80 | 00 00 00 00 10 21 00 03  00 00 00 00 00 00 44 08 | .....!........D.
0000000000000A90 | C0 00 00 00 00 00 00 00  11 02 30 00 00 00 00 00 | ..........0.....
0000000000000AA0 | 00 40 84 00 0C 00 00 00  00 00 00 10 21 00 03 00 | .@..........!...
0000000000000AB0 | 00 00 00 00 00 44 08 C0  00 00 00 00 00 00 00 11 | .....D..........
0000000000000AC0 | 02 30 00 00 00 00 00 00  40 84 00 0C 00 00 00 00 | .0......@.......
0000000000000AD0 | 00 00 10 21 00 03 00 00  00 00 00 00 44 08 C0 00 | ...!........D...
0000000000000AE0 | 00 00 00 00 00 00 11 02  30 00 00 00 00 00 00 40 | ........0......@
0000000000000AF0 | 84 00 0C 00 00 00 00 00  00 10 21 00 03 00 00 00 | ..........!.....
0000000000000B00 | 00 00 00 44 08 C0 00 00  00 00 00 00 00 11 02 30 | ...D...........0
0000000000000B10 | 00 00 00 00 00 00 40 84  00 0C 00 00 00 00 00 00 | ......@.........
0000000000000B20 | 10 21 00 03 00 00 00 00  00 00 44 08 C0 00 00 00 | .!........D.....
0000000000000B30 | 00 00 00 00 11 02 30 00  00 00 00 00 00 40 84 00 | ......0......@..
0000000000000B40 | 0C 00 00 00 00 00 00 10  21 00 03 00 00 00 00 00 | ........!.......
0000000000000B50 | 00 44 08 C0 00 00 00 00  00 00 00 11 02 30 00 00 | .D...........0..
0000000000000B60 | 00 00 00 00 40 84 00 0C  00 00 00 00 00 00 10 21 | ....@..........!
0000000000000B70 | 00 03 00 00 00 00 00 00  44 08 C0 00 00 00 00 00 | ........D.......
0000000000000B80 | 00 00 11 02 30 00 00 00  00 00 00 40 84 00 0C 00 | ....0......@....
0000000000000B90 | 00 00 00 00 00 10 21 00  03 00 00 00 00 00 00 44 | ......!........D
0000000000000BA0 | 08 C0 00 00 00 00 00 00  00 11 02 30 00 00 00 00 | ...........0....
0000000000000BB0 | 00 00 40 84 00 0C 00 00  00 00 00 00 10 21 00 03 | ..@..........!..
0000000000000BC0 | 00 00 00 00 00 00 44 08  C0 00 00 00 00 00 00 00 | ......D.........
0000000000000BD0 | 11 02 30 00 00 00 00 00  00 40 84 00 0C 00 00 00 | ..0......@......
0000000000000BE0 | 00 00 00 10 21 00 03 00  00 00 00 00 00 44 08 C0 | ....!........D..
0000000000000BF0 | 00 00 00 00 00 00 00 11  02 30 00 00 00 00 00 00 | .........0......
0000000000000C00 | 40 84 00 0C 00 00 00 00  00 00 10 B1 98 3D 00 00 | @............=..
0000000000000C10 | DE CB CF 9B C7 71 F1 EB  61 F6 0C 00 D8 58 7B BB | .....q..a....X{.
0000000000000C20 | DB E3 EC C7 72 F6 0C 00  00 00 E0 1F 04 60 00 3E | ....r........`.>
0000000000000C30 | 8D FB DF 7F C6 F5 ED D3  EC 19 00 B0 B1 F6 BF 6D | ...............m
0000000000000C40 | CF 9E 00 00 00 00 FC 87  17 D0 00 00 00 00 00 00 | ................
0000000000000C50 | 00 11 02 30 00 00 00 00  00 00 40 84 00 0C 00 00 | ...0......@.....
0000000000000C60 | 00 00 00 00 10 21 00 03  00 00 00 00 00 00 44 08 | .....!........D.
0000000000000C70 | C0 00 00 00 00 00 00 00  11 02 30 00 00 00 00 00 | ..........0.....
0000000000000C80 | 00 40 84 00 0C 00 00 00  00 00 00 10 21 00 03 00 | .@..........!...
0000000000000C90 | 00 00 00 00 00 44 08 C0  00 00 00 00 00 00 00 11 | .....D..........
0000000000000CA0 | 02 30 00 00 00 00 00 00  40 84 00 0C 00 00 00 00 | .0......@.......
0000000000000CB0 | 00 00 10 21 00 03 00 00  00 00 00 00 44 08 C0 00 | ...!........D...
0000000000000CC0 | 00 00 00 00 00 00 11 02  30 00 00 00 00 00 00 40 | ........0......@
0000000000000CD0 | 84 00 0C 00 00 00 00 00  00 10 21 00 03 00 00 00 | ..........!.....
0000000000000CE0 | 00 00 00 44 08 C0 00 00  00 00 00 00 00 11 02 30 | ...D...........0
0000000000000CF0 | 00 00 00 00 00 00 40 84  00 0C 00 00 00 00 00 00 | ......@.........
0000000000000D00 | 10 21 00 03 00 00 00 00  00 00 44 08 C0 00 00 00 | .!........D.....
0000000000000D10 | 00 00 00 00 11 02 30 00  00 00 00 00 00 40 84 00 | ......0......@..
0000000000000D20 | 0C 00 00 00 00 00 00 10  21 00 03 00 00 00 00 00 | ........!.......
0000000000000D30 | 00 44 08 C0 00 00 00 00  00 00 00 11 02 30 00 00 | .D...........0..
0000000000000D40 | 00 00 00 00 40 84 00 0C  00 00 00 00 00 00 10 21 | ....@..........!
0000000000000D50 | 00 03 00 00 00 00 00 00  44 08 C0 00 00 00 00 00 | ........D.......
0000000000000D60 | 00 00 11 02 30 00 00 00  00 00 00 40 84 00 0C 00 | ....0......@....
0000000000000D70 | 00 00 00 00 00 10 21 00  03 00 00 00 00 00 00 44 | ......!........D
0000000000000D80 | 08 C0 00 00 00 00 00 00  00 11 02 30 00 00 00 00 | ...........0....
0000000000000D90 | 00 00 40 84 00 0C 00 00  00 00 00 00 10 21 00 03 | ..@..........!..
0000000000000DA0 | 00 00 00 00 00 00 44 08  C0 00 00 00 00 00 00 00 | ......D.........
0000000000000DB0 | 11 02 30 00 00 00 00 00  00 40 84 00 0C 00 00 00 | ..0......@......
0000000000000DC0 | 00 00 00 10 21 00 03 00  00 00 00 00 00 44 08 C0 | ....!........D..
0000000000000DD0 | 00 00 00 00 00 00 00 11  02 30 00 00 00 00 00 00 | .........0......
0000000000000DE0 | 40 84 00 0C 00 00 00 00  00 00 10 21 00 03 00 00 | @..........!....
0000000000000DF0 | 00 00 00 00 44 08 C0 00  00 00 00 00 00 00 11 02 | ....D...........
0000000000000E00 | 30 00 00 00 00 00 00 40  84 00 0C 00 00 00 00 00 | 0......@........
0000000000000E10 | 00 10 21 00 03 00 00 00  00 00 00 44 08 C0 00 00 | ..!........D....
0000000000000E20 | 00 00 00 00 00 11 02 30  00 00 00 00 00 00 40 84 | .......0......@.
0000000000000E30 | 00 0C 00 00 00 00 00 00  10 21 00 03 00 00 00 00 | .........!......
0000000000000E40 | 00 00 44 08 C0 00 00 00  00 00 00 00 11 02 30 00 | ..D...........0.
0000000000000E50 | 00 00 00 00 00 40 84 00  0C 00 00 00 00 00 00 10 | .....@..........
0000000000000E60 | 21 00 03 00 00 00 00 00  00 44 08 C0 00 00 00 00 | !........D......
0000000000000E70 | 00 00 00 11 02 30 00 00  00 00 00 00 40 84 00 0C | .....0......@...
0000000000000E80 | 00 00 00 00 00 00 10 21  00 03 00 00 00 00 00 00 | .......!........
0000000000000E90 | 44 08 C0 00 00 00 00 00  00 00 11 02 30 00 00 00 | D...........0...
0000000000000EA0 | 00 00 00 40 84 00 0C 00  00 00 00 00 00 10 21 00 | ...@..........!.
0000000000000EB0 | 03 00 00 00 00 00 00 44  08 C0 00 00 00 00 00 00 | .......D........
0000000000000EC0 | 00 11 02 30 00 00 00 00  00 00 40 84 00 0C 00 00 | ...0......@.....
0000000000000ED0 | 00 00 00 00 10 21 00 03  00 00 00 00 00 00 44 08 | .....!........D.
0000000000000EE0 | C0 00 00 00 00 00 00 00  11 02 30 00 00 00 00 00 | ..........0.....
0000000000000EF0 | 00 40 84 00 0C 00 00 00  00 00 00 10 21 00 03 00 | .@..........!...
0000000000000F00 | 00 00 00 00 00 44 08 C0  00 00 00 00 00 00 00 11 | .....D..........
0000000000000F10 | 02 30 00 00 00 00 00 00  40 84 00 0C 00 00 00 00 | .0......@.......
0000000000000F20 | 00 00 10 21 00 03 00 00  00 00 00 00 44 08 C0 00 | ...!........D...
0000000000000F30 | 00 00 00 00 00 00 11 02  30 00 00 00 00 00 00 40 | ........0......@
0000000000000F40 | 84 00 0C 00 00 00 00 00  00 10 21 00 03 00 00 00 | ..........!.....
0000000000000F50 | 00 00 00 44 08 C0 00 00  00 00 00 00 00 11 02 30 | ...D...........0
0000000000000F60 | 00 00 00 00 00 00 40 84  00 0C 00 00 00 00 00 00 | ......@.........
0000000000000F70 | 10 21 00 03 00 00 00 00  00 00 44 08 C0 00 00 00 | .!........D.....
0000000000000F80 | 00 00 00 00 11 02 30 00  00 00 00 00 00 40 84 00 | ......0......@..
0000000000000F90 | 0C 00 00 00 00 00 00 10  21 00 03 00 00 00 00 00 | ........!.......
0000000000000FA0 | 00 44 08 C0 00 00 00 00  00 00 00 11 02 30 00 00 | .D...........0..
0000000000000FB0 | 00 00 00 00 40 84 00 0C  00 00 00 00 00 00 10 21 | ....@..........!
0000000000000FC0 | 00 03 00 00 00 00 00 00  44 08 C0 00 00 00 00 00 | ........D.......
0000000000000FD0 | 00 00 11 02 30 00 00 00  00 00 00 40 84 00 0C 00 | ....0......@....
0000000000000FE0 | 00 00 00 00 00 10 21 00  03 00 00 00 00 00 00 44 | ......!........D
0000000000000FF0 | 08 C0 00 00 00 00 00 00  00 11 02 30 00 00 00 00 | ...........0....
0000000000001000 | 00 00 40 84 00 0C 00 00  00 00 00 00 10 21 00 03 | ..@..........!..
0000000000001010 | 00 00 00 00 00 00 44 08  C0 00 00 00 00 00 00 00 | ......D.........
0000000000001020 | 11 02 30 00 00 00 00 00  00 40 84 00 0C 00 00 00 | ..0......@......
0000000000001030 | 00 00 00 10 21 00 03 00  00 00 00 00 00 44 08 C0 | ....!........D..
0000000000001040 | 00 00 00 00 00 00 00 11  02 30 00 00 00 00 00 00 | .........0......
0000000000001050 | 40 84 00 0C 00 00 00 00  00 00 10 21 00 03 00 00 | @..........!....
0000000000001060 | 00 00 00 00 44 08 C0 00  00 00 00 00 00 00 11 02 | ....D...........
0000000000001070 | 30 00 00 00 00 00 00 40  84 00 0C 00 00 00 00 00 | 0......@........
0000000000001080 | 00 10 21 00 03 00 00 00  00 00 00 44 08 C0 00 00 | ..!........D....
0000000000001090 | 00 00 00 00 00 11 02 30  00 00 00 00 00 00 40 84 | .......0......@.
00000000000010A0 | 00 0C 00 00 00 00 00 00  10 21 00 03 00 00 00 00 | .........!......
00000000000010B0 | 00 00 44 08 C0 00 00 00  00 00 00 00 11 02 30 00 | ..D...........0.
00000000000010C0 | 00 00 00 00 00 40 84 00  0C 00 00 00 00 00 00 10 | .....@..........
00000000000010D0 | 21 00 03 00 00 00 00 00  00 44 08 C0 00 00 00 00 | !........D......
00000000000010E0 | 00 00 00 11 02 30 00 00  00 00 00 00 40 84 00 0C | .....0......@...
00000000000010F0 | 00 00 00 00 00 00 10 21  00 03 00 00 00 00 00 00 | .......!........
0000000000001100 | 44 08 C0 00 00 00 00 00  00 00 11 02 30 00 00 00 | D...........0...
0000000000001110 | 00 00 00 40 84 00 0C 00  00 00 00 00 00 10 21 00 | ...@..........!.
0000000000001120 | 03 00 00 00 00 00 00 44  08 C0 00 00 00 00 00 00 | .......D........
0000000000001130 | 00 11 02 30 00 00 00 00  00 00 40 84 00 0C 00 00 | ...0......@.....
0000000000001140 | 00 00 00 00 10 21 00 03  00 00 00 00 00 00 44 08 | .....!........D.
0000000000001150 | C0 00 00 00 00 00 00 00  11 02 30 00 00 00 00 00 | ..........0.....
0000000000001160 | 00 40 84 00 0C 00 00 00  00 00 00 10 21 00 03 00 | .@..........!...
0000000000001170 | 00 00 00 00 00 44 08 C0  00 00 00 00 00 00 00 11 | .....D..........
0000000000001180 | 02 30 00 00 00 00 00 00  40 84 00 0C 00 00 00 00 | .0......@.......
0000000000001190 | 00 00 10 21 00 03 00 00  00 00 00 00 44 08 C0 00 | ...!........D...
00000000000011A0 | 00 00 00 00 00 00 11 02  30 00 00 00 00 00 00 40 | ........0......@
00000000000011B0 | 84 00 0C 00 00 00 00 00  00 10 21 00 03 00 00 00 | ..........!.....
00000000000011C0 | 00 00 00 44 08 C0 00 00  00 00 00 00 00 11 02 30 | ...D...........0
00000000000011D0 | 00 00 00 00 00 00 40 84  00 0C 00 00 00 00 00 00 | ......@.........
00000000000011E0 | 10 21 00 03 00 00 00 00  00 00 44 08 C0 00 00 00 | .!........D.....
00000000000011F0 | 00 00 00 00 11 02 30 00  00 00 00 00 00 40 84 00 | ......0......@..
0000000000001200 | 0C 00 00 00 00 00 00 10  21 00 03 00 00 00 00 00 | ........!.......
0000000000001210 | 00 44 08 C0 00 00 00 00  00 00 00 11 02 30 00 00 | .D...........0..
0000000000001220 | 00 00 00 00 40 84 00 0C  00 00 00 00 00 00 10 21 | ....@..........!
0000000000001230 | 00 03 00 00 00 00 00 00  44 08 C0 00 00 00 00 00 | ........D.......
0000000000001240 | 00 00 11 02 30 00 00 00  00 00 00 40 84 00 0C 00 | ....0......@....
0000000000001250 | 00 00 00 00 00 10 21 00  03 00 00 00 00 00 00 44 | ......!........D
0000000000001260 | 08 C0 00 00 00 00 00 00  00 11 02 30 00 00 00 00 | ...........0....
0000000000001270 | 00 00 40 84 00 0C 00 00  00 00 00 00 10 21 00 03 | ..@..........!..
0000000000001280 | 00 00 00 00 00 00 44 08  C0 00 00 00 00 00 00 00 | ......D.........
0000000000001290 | 11 02 30 00 00 00 00 00  00 40 84 00 0C 00 00 00 | ..0......@......
00000000000012A0 | 00 00 00 10 21 00 03 00  00 00 00 00 00 44 08 C0 | ....!........D..
00000000000012B0 | 00 00 00 00 00 00 00 11  02 30 00 00 00 00 00 00 | .........0......
00000000000012C0 | 40 84 00 0C 00 00 00 00  00 00 10 21 00 03 00 00 | @..........!....
00000000000012D0 | 00 00 00 00 44 08 C0 00  00 00 00 00 00 00 11 02 | ....D...........
00000000000012E0 | 30 00 00 00 00 00 00 40  84 00 0C 00 00 00 00 00 | 0......@........
00000000000012F0 | 00 10 B1 98 3D 00 00 00  00 E0 43 BA BA 1A E3 EE | ....=.....C.....
0000000000001300 | 6E F6 0A E0 A5 56 AB 31  0E 0E 66 AF 00 00 98 46 | n....V.1..f....F
0000000000001310 | 00 06 00 00 00 78 CE E9  E9 18 97 97 B3 57 00 2F | .....x.......W./
0000000000001320 | 75 7E 3E C6 F1 F1 EC 15  00 00 D3 78 01 0D 00 00 | u~>........x....
0000000000001330 | 00 00 00 00 10 21 00 03  00 00 00 00 00 00 44 08 | .....!........D.
0000000000001340 | C0 00 00 00 00 00 00 00  11 02 30 00 00 00 00 00 | ..........0.....
0000000000001350 | 00 40 84 00 0C 00 00 00  00 00 00 10 21 00 03 00 | .@..........!...
0000000000001360 | 00 00 00 00 00 44 08 C0  00 00 00 00 00 00 00 11 | .....D..........
0000000000001370 | 02 30 00 00 00 00 00 00  40 84 00 0C 00 00 00 00 | .0......@.......
0000000000001380 | 00 00 10 21 00 03 00 00  00 00 00 00 44 08 C0 00 | ...!........D...
0000000000001390 | 00 00 00 00 00 00 11 02  30 00 00 00 00 00 00 40 | ........0......@
00000000000013A0 | 84 00 0C 00 00 00 00 00  00 10 21 00 03 00 00 00 | ..........!.....
00000000000013B0 | 00 00 00 44 08 C0 00 00  00 00 00 00 00 11 02 30 | ...D...........0
00000000000013C0 | 00 00 00 00 00 00 40 84  00 0C 00 00 00 00 00 00 | ......@.........
00000000000013D0 | 10 21 00 03 00 00 00 00  00 00 44 08 C0 00 00 00 | .!........D.....
00000000000013E0 | 00 00 00 00 11 02 30 00  00 00 00 00 00 40 84 00 | ......0......@..
00000000000013F0 | 0C 00 00 00 00 00 00 10  21 00 03 00 00 00 00 00 | ........!.......
0000000000001400 | 00 44 08 C0 00 00 00 00  00 00 00 11 02 30 00 00 | .D...........0..
0000000000001410 | 00 00 00 00 40 84 00 0C  00 00 00 00 00 00 10 21 | ....@..........!
0000000000001420 | 00 03 00 00 00 00 00 00  44 08 C0 00 00 00 00 00 | ........D.......
0000000000001430 | 00 00 11 02 30 00 00 00  00 00 00 40 84 00 0C 00 | ....0......@....
0000000000001440 | 00 00 00 00 00 10 21 00  03 00 00 00 00 00 00 44 | ......!........D
0000000000001450 | 08 C0 00 00 00 00 00 00  00 11 02 30 00 00 00 00 | ...........0....
0000000000001460 | 00 00 40 84 00 0C 00 00  00 00 00 00 10 21 00 03 | ..@..........!..
0000000000001470 | 00 00 00 00 00 00 44 08  C0 00 00 00 00 00 00 00 | ......D.........
0000000000001480 | 11 02 30 00 00 00 00 00  00 40 84 00 0C 00 00 00 | ..0......@......
0000000000001490 | 00 00 00 10 21 00 03 00  00 00 00 00 00 44 08 C0 | ....!........D..
00000000000014A0 | 00 00 00 00 00 00 00 11  02 30 00 00 00 00 00 00 | .........0......
00000000000014B0 | 40 84 00 0C 00 00 00 00  00 00 10 21 00 03 00 00 | @..........!....
00000000000014C0 | 00 00 00 00 44 08 C0 00  00 00 00 00 00 00 11 02 | ....D...........
00000000000014D0 | 30 00 00 00 00 00 00 40  84 00 0C 00 00 00 00 00 | 0......@........
00000000000014E0 | 00 10 21 00 03 00 00 00  00 00 00 44 08 C0 00 00 | ..!........D....
00000000000014F0 | 00 00 00 00 00 11 02 30  00 00 00 00 00 00 40 84 | .......0......@.
0000000000001500 | 00 0C 00 00 00 00 00 00  10 21 00 03 00 00 00 00 | .........!......
0000000000001510 | 00 00 44 08 C0 00 00 00  00 00 00 00 11 02 30 00 | ..D...........0.
0000000000001520 | 00 00 00 00 00 40 84 00  0C 00 00 00 00 00 00 10 | .....@..........
0000000000001530 | 21 00 03 00 00 00 00 00  00 44 08 C0 00 00 00 00 | !........D......
0000000000001540 | 00 00 00 11 02 30 00 00  00 00 00 00 40 84 00 0C | .....0......@...
0000000000001550 | 00 00 00 00 00 00 10 21  00 03 00 00 00 00 00 00 | .......!........
0000000000001560 | 44 08 C0 00 00 00 00 00  00 00 11 02 30 00 00 00 | D...........0...
0000000000001570 | 00 00 00 40 84 00 0C 00  00 00 00 00 00 10 21 00 | ...@..........!.
0000000000001580 | 03 00 00 00 00 00 00 44  08 C0 00 00 00 00 00 00 | .......D........
0000000000001590 | 00 11 02 30 00 00 00 00  00 00 40 84 00 0C 00 00 | ...0......@.....
00000000000015A0 | 00 00 00 00 10 21 00 03  00 00 00 00 00 00 44 08 | .....!........D.
00000000000015B0 | C0 00 00 00 00 00 00 00  11 02 30 00 00 00 00 00 | ..........0.....
00000000000015C0 | 00 40 84 00 0C 00 00 00  00 00 00 10 21 00 03 00 | .@..........!...
00000000000015D0 | 00 00 00 00 00 44 08 C0  00 00 00 00 00 00 00 11 | .....D..........
00000000000015E0 | 02 30 00 00 00 00 00 00  40 84 00 0C 00 00 00 00 | .0......@.......
00000000000015F0 | 00 00 10 21 00 03 00 00  00 00 00 00 44 08 C0 00 | ...!........D...
0000000000001600 | 00 00 00 00 00 00 11 02  30 00 00 00 00 00 00 40 | ........0......@
0000000000001610 | 84 00 0C 00 00 00 00 00  00 10 21 00 03 00 00 00 | ..........!.....
0000000000001620 | 00 00 00 44 2C 66 0F 00  80 F7 B2 3A FC 3A 4E BE | ...D,f.....:.:N.
0000000000001630 | EF CF 9E 01 00 1B 6B 77  E1 86 18 00 00 00 3E 3A | ......kw......>:
0000000000001640 | 01 18 80 4F E3 68 B9 33  8E 96 3B B3 67 00 00 00 | ...O.h.3..;.g...
0000000000001650 | 00 00 C0 9B 71 BE 0D 00  00 00 00 00 00 10 21 00 | ....q.........!.
0000000000001660 | 03 00 00 00 00 00 00 44  08 C0 00 00 00 00 00 00 | .......D........
0000000000001670 | 00 11 02 30 00 00 00 00  00 00 40 84 00 0C 00 00 | ...0......@.....
0000000000001680 | 00 00 00 00 10 21 00 03  00 00 00 00 00 00 44 08 | .....!........D.
0000000000001690 | C0 00 00 00 00 00 00 00  11 02 30 00 00 00 00 00 | ..........0.....
00000000000016A0 | 00 40 84 00 0C 00 00 00  00 00 00 10 21 00 03 00 | .@..........!...
00000000000016B0 | 00 00 00 00 00 44 08 C0  00 00 00 00 00 00 00 11 | .....D..........
00000000000016C0 | 02 30 00 00 00 00 00 00  40 84 00 0C 00 00 00 00 | .0......@.......
00000000000016D0 | 00 00 10 21 00 03 00 00  00 00 00 00 44 08 C0 00 | ...!........D...
00000000000016E0 | 00 00 00 00 00 00 11 02  30 00 00 00 00 00 00 40 | ........0......@
00000000000016F0 | 84 00 0C 00 00 00 00 00  00 10 21 00 03 00 00 00 | ..........!.....
0000000000001700 | 00 00 00 44 08 C0 00 00  00 00 00 00 00 11 02 30 | ...D...........0
0000000000001710 | 00 00 00 00 00 00 40 84  00 0C 00 00 00 00 00 00 | ......@.........
0000000000001720 | 10 21 00 03 00 00 00 00  00 00 44 08 C0 00 00 00 | .!........D.....
0000000000001730 | 00 00 00 00 11 02 30 00  00 00 00 00 00 40 84 00 | ......0......@..
0000000000001740 | 0C 00 00 00 00 00 00 10  21 00 03 00 00 00 00 00 | ........!.......
0000000000001750 | 00 44 08 C0 00 00 00 00  00 00 00 11 02 30 00 00 | .D...........0..
0000000000001760 | 00 00 00 00 40 84 00 0C  00 00 00 00 00 00 10 21 | ....@..........!
0000000000001770 | 00 03 00 00 00 00 00 00  44 08 C0 00 00 00 00 00 | ........D.......
0000000000001780 | 00 00 11 02 30 00 00 00  00 00 00 40 84 00 0C 00 | ....0......@....
0000000000001790 | 00 00 00 00 00 10 21 00  03 00 00 00 00 00 00 44 | ......!........D
00000000000017A0 | 08 C0 00 00 00 00 00 00  00 11 02 30 00 00 00 00 | ...........0....
00000000000017B0 | 00 00 40 84 00 0C 00 00  00 00 00 00 10 21 00 03 | ..@..........!..
00000000000017C0 | 00 00 00 00 00 00 44 08  C0 00 00 00 00 00 00 00 | ......D.........
00000000000017D0 | 11 02 30 00 00 00 00 00  00 40 84 00 0C 00 00 00 | ..0......@......
00000000000017E0 | 00 00 00 10 21 00 03 00  00 00 00 00 00 44 08 C0 | ....!........D..
00000000000017F0 | 00 00 00 00 00 00 00 11  02 30 00 00 00 00 00 00 | .........0......
0000000000001800 | 40 84 00 0C 00 00 00 00  00 00 10 21 00 03 00 00 | @..........!....
0000000000001810 | 00 00 00 00 44 08 C0 00  00 00 00 00 00 00 11 02 | ....D...........
0000000000001820 | 30 00 00 00 00 00 00 40  84 00 0C 00 00 00 00 00 | 0......@........
0000000000001830 | 00 10 21 00 03 00 00 00  00 00 00 44 08 C0 00 00 | ..!........D....
0000000000001840 | 00 00 00 00 00 11 02 30  00 00 00 00 00 00 40 84 | .......0......@.
0000000000001850 | 00 0C 00 00 00 00 00 00  10 21 00 03 00 00 00 00 | .........!......
0000000000001860 | 00 00 44 08 C0 00 00 00  00 00 00 00 11 02 30 00 | ..D...........0.
0000000000001870 | 00 00 00 00 00 40 84 00  0C FC 6D E7 0E 6A 00 84 | .....@....m..j..
0000000000001880 | 01 20 08 16 27 75 81 7F  CC 54 46 D1 C0 AB 64 33 | . ..'u...TF...d3
0000000000001890 | A3 E0 FE 9B 1C 00 00 00  00 00 00 11 02 30 00 00 | .............0..
00000000000018A0 | 00 00 00 00 40 84 00 0C  00 00 00 00 00 00 10 21 | ....@..........!
00000000000018B0 | 00 03 00 00 00 00 00 00  44 08 C0 00 00 00 00 00 | ........D.......
00000000000018C0 | 00 00 11 02 30 00 00 00  00 00 00 40 84 00 0C 00 | ....0......@....
00000000000018D0 | 00 00 00 00 00 10 21 00  03 00 00 00 00 00 00 44 | ......!........D
00000000000018E0 | 08 C0 00 00 00 00 00 00  00 11 02 30 00 00 00 00 | ...........0....
00000000000018F0 | 00 00 40 84 00 0C 00 00  00 00 00 00 10 21 00 03 | ..@..........!..
0000000000001900 | 00 00 00 00 00 00 44 08  C0 00 00 00 00 00 00 00 | ......D.........
0000000000001910 | 11 02 30 00 00 00 00 00  00 40 84 00 0C 00 00 00 | ..0......@......
0000000000001920 | 00 00 00 10 21 00 03 00  00 00 00 00 00 44 08 C0 | ....!........D..
0000000000001930 | 00 00 00 00 00 00 00 11  02 30 00 00 00 00 00 00 | .........0......
0000000000001940 | 40 84 00 0C 00 00 00 00  00 00 10 21 00 03 00 00 | @..........!....
0000000000001950 | 00 00 00 00 44 08 C0 00  00 00 00 00 00 00 11 02 | ....D...........
0000000000001960 | 30 00 00 00 00 00 00 40  84 00 0C 00 00 00 00 00 | 0......@........
0000000000001970 | 00 10 21 00 03 00 00 00  00 00 00 44 08 C0 00 00 | ..!........D....
0000000000001980 | 00 00 00 00 00 11 02 30  00 00 00 00 00 00 40 84 | .......0......@.
0000000000001990 | 00 0C 00 00 00 00 00 00  10 21 00 03 00 00 00 00 | .........!......
00000000000019A0 | 00 00 44 08 C0 00 00 00  00 00 00 00 11 02 30 00 | ..D...........0.
00000000000019B0 | 00 00 00 00 00 40 84 00  0C 00 00 00 00 00 00 10 | .....@..........
00000000000019C0 | 21 00 03 00 00 00 00 00  00 44 08 C0 00 00 00 00 | !........D......
00000000000019D0 | 00 00 00 11 02 30 00 00  00 00 00 00 40 84 00 0C | .....0......@...
00000000000019E0 | 00 00 00 00 00 00 10 21  00 03 00 00 00 00 00 00 | .......!........
00000000000019F0 | 44 08 C0 00 00 00 00 00  00 00 11 02 30 00 00 00 | D...........0...
0000000000001A00 | 00 00 00 40 84 00 0C 00  00 00 00 00 00 10 21 00 | ...@..........!.
0000000000001A10 | 03 00 00 00 00 00 00 44  08 C0 00 00 00 00 00 00 | .......D........
0000000000001A20 | 00 11 02 30 00 00 00 00  00 00 40 84 00 0C 00 00 | ...0......@.....
0000000000001A30 | 00 00 00 00 10 21 00 03  00 00 00 00 00 00 44 08 | .....!........D.
0000000000001A40 | C0 00 00 00 00 00 00 00  11 02 30 00 00 00 00 00 | ..........0.....
0000000000001A50 | 00 40 84 00 0C 00 00 00  00 00 00 10 21 00 03 00 | .@..........!...
0000000000001A60 | 00 00 00 00 00 44 08 C0  00 00 00 00 00 00 00 11 | .....D..........
0000000000001A70 | 02 30 00 00 00 00 00 00  40 84 00 0C 00 00 00 00 | .0......@.......
0000000000001A80 | 00 00 10 21 00 03 00 00  00 00 00 00 44 08 C0 00 | ...!........D...
0000000000001A90 | 00 00 00 00 00 00 11 02  30 00 00 00 00 00 00 40 | ........0......@
0000000000001AA0 | 84 00 0C 00 00 00 00 00  00 10 21 00 03 00 00 00 | ..........!.....
0000000000001AB0 | 00 00 00 44 08 C0 00 00  00 00 00 00 00 11 02 30 | ...D...........0
0000000000001AC0 | 00 00 00 00 00 00 40 84  00 0C 00 00 00 00 00 00 | ......@.........
0000000000001AD0 | 10 21 00 03 00 00 00 00  00 00 44 08 C0 00 00 00 | .!........D.....
0000000000001AE0 | 00 00 00 00 11 02 30 00  00 00 00 00 00 40 84 00 | ......0......@..
0000000000001AF0 | 0C 00 00 00 00 00 00 10  21 00 03 00 00 00 00 00 | ........!.......
0000000000001B00 | 00 44 08 C0 00 00 00 00  00 00 00 11 02 30 00 00 | .D...........0..
0000000000001B10 | 00 00 00 00 40 84 00 0C  00 00 00 00 00 00 10 21 | ....@..........!
0000000000001B20 | 00 03 00 00 00 00 00 00  44 08 C0 00 00 00 00 00 | ........D.......
0000000000001B30 | 00 00 11 02 30 00 00 00  00 00 00 40 84 00 0C 00 | ....0......@....
0000000000001B40 | 00 00 00 00 00 10 21 00  03 00 00 00 00 00 00 44 | ......!........D
0000000000001B50 | 08 C0 00 00 00 00 00 00  00 11 02 30 00 00 00 00 | ...........0....
0000000000001B60 | 00 00 40 84 00 0C 00 00  00 00 00 00 10 21 00 03 | ..@..........!..
0000000000001B70 | 00 00 00 00 00 00 44 08  C0 00 00 00 00 00 00 00 | ......D.........
0000000000001B80 | 11 02 30 00 00 00 00 00  00 40 84 00 0C 00 00 00 | ..0......@......
0000000000001B90 | 00 00 00 10 21 00 03 00  00 00 00 00 00 44 08 C0 | ....!........D..
0000000000001BA0 | 00 00 00 00 00 00 00 11  02 30 00 00 00 00 00 00 | .........0......
0000000000001BB0 | 40 84 00 0C 00 00 00 00  00 00 10 21 00 03 00 00 | @..........!....
0000000000001BC0 | 00 00 00 00 44 08 C0 00  00 00 00 00 00 00 11 02 | ....D...........
0000000000001BD0 | 30 00 00 00 00 00 00 40  84 00 0C 00 00 00 00 00 | 0......@........
0000000000001BE0 | 00 10 71 ED BD F7 E9 11  00 00 00 00 BF F3 3C 63 | ..q...........<c
0000000000001BF0 | AC 75 7A 05 F0 D5 7D 8F  31 E7 E9 15 00 00 C7 08 | .uz...}.1.......
0000000000001C00 | C0 00 00 00 00 00 00 00  11 2E A0 01 00 00 00 00 | ................
0000000000001C10 | 00 00 22 04 60 00 00 00  00 00 00 80 08 01 18 00 | ..".`...........
0000000000001C20 | 00 00 00 00 00 20 42 00  06 00 00 00 00 00 00 88 | ..... B.........
0000000000001C30 | 10 80 01 00 00 00 00 00  00 22 04 60 00 00 00 00 | .........".`....
0000000000001C40 | 00 00 80 08 01 18 00 00  00 00 00 00 20 42 00 06 | ............ B..
0000000000001C50 | 00 00 00 00 00 00 88 10  80 01 00 00 00 00 00 00 | ................
0000000000001C60 | 22 04 60 00 00 00 00 00  00 80 08 01 18 00 00 00 | ".`.............
0000000000001C70 | 00 00 00 20 42 00 06 00  00 00 00 00 00 88 10 80 | ... B...........
0000000000001C80 | 01 00 00 00 00 00 00 22  04 60 00 00 00 00 00 00 | .......".`......
0000000000001C90 | 80 08 01 18 00 00 00 00  00 00 20 42 00 06 00 00 | .......... B....
0000000000001CA0 | 00 00 00 00 88 10 80 01  00 00 00 00 00 00 22 04 | ..............".
0000000000001CB0 | 60 00 00 00 00 00 00 80  08 01 18 00 00 00 00 00 | `...............
0000000000001CC0 | 00 20 42 00 06 00 00 00  00 00 00 88 10 80 01 00 | . B.............
0000000000001CD0 | 00 00 00 00 00 22 04 60  00 00 00 00 00 00 80 08 | .....".`........
0000000000001CE0 | 01 18 00 00 00 00 00 00  20 42 00 06 00 00 00 00 | ........ B......
0000000000001CF0 | 00 00 88 10 80 01 00 00  00 00 00 00 22 04 60 00 | ............".`.
0000000000001D00 | 00 00 00 00 00 80 08 01  18 00 00 00 00 00 00 20 | ............... 
0000000000001D10 | 42 00 06 00 00 00 00 00  00 88 10 80 01 00 00 00 | B...............
0000000000001D20 | 00 00 00 22 04 60 00 00  00 00 00 00 80 08 01 18 | ...".`..........
0000000000001D30 | 00 00 00 00 00 00 20 42  00 06 00 00 00 00 00 00 | ...... B........
0000000000001D40 | 88 10 80 01 00 00 00 00  00 00 22 04 60 00 00 00 | ..........".`...
0000000000001D50 | 00 00 00 80 08 01 18 00  00 00 00 00 00 20 42 00 | ............. B.
0000000000001D60 | 06 00 00 00 00 00 00 88  10 80 01 00 00 00 00 00 | ................
0000000000001D70 | 00 22 04 60 00 00 00 00  00 00 80 08 01 18 00 00 | .".`............
0000000000001D80 | 00 00 00 00 20 42 00 06  00 00 00 00 00 00 88 10 | .... B..........
0000000000001D90 | 80 01 00 00 00 00 00 00  22 04 60 00 00 00 00 00 | ........".`.....
0000000000001DA0 | 00 80 08 01 18 00 00 00  00 00 00 20 42 00 06 00 | ........... B...
0000000000001DB0 | 00 00 00 00 00 88 10 80  01 00 00 00 00 00 00 22 | ..............."
0000000000001DC0 | 04 60 00 00 00 00 00 00  80 08 01 18 00 00 00 00 | .`..............
0000000000001DD0 | 00 00 20 42 00 06 00 00  00 00 00 00 88 10 80 01 | .. B............
0000000000001DE0 | 00 00 00 00 00 00 22 04  60 00 00 00 00 00 00 80 | ......".`.......
0000000000001DF0 | 08 01 18 00 00 00 00 00  00 20 42 00 06 00 00 00 | ......... B.....
0000000000001E00 | 00 00 00 88 10 80 01 00  00 00 00 00 00 22 04 60 | .............".`
0000000000001E10 | 00 00 00 00 00 00 80 08  01 18 00 00 00 00 00 00 | ................
0000000000001E20 | 20 42 00 06 00 00 00 00  00 00 88 10 80 01 00 00 |  B..............
0000000000001E30 | 00 00 00 00 22 04 60 00  00 00 00 00 00 80 08 01 | ....".`.........
0000000000001E40 | 18 00 00 00 00 00 00 20  42 00 06 00 00 00 00 00 | ....... B.......
0000000000001E50 | 00 88 10 80 01 00 00 00  00 00 00 22 04 60 00 00 | ...........".`..
0000000000001E60 | 00 00 00 00 80 08 01 18  00 00 00 00 00 00 20 42 | .............. B
0000000000001E70 | 00 06 00 00 00 00 00 00  88 10 80 01 00 00 00 00 | ................
0000000000001E80 | 00 00 22 04 60 00 00 00  00 00 00 80 08 01 18 00 | ..".`...........
0000000000001E90 | 00 00 00 00 00 20 42 00  06 00 00 00 00 00 00 88 | ..... B.........
0000000000001EA0 | 10 80 01 00 00 00 00 00  00 22 04 60 00 00 00 00 | .........".`....
0000000000001EB0 | 00 00 80 08 01 18 00 00  00 00 00 00 20 42 00 06 | ............ B..
0000000000001EC0 | 00 00 00 00 00 00 88 10  80 01 00 00 00 00 00 00 | ................
0000000000001ED0 | 22 04 60 00 00 00 00 00  00 80 08 01 18 00 00 00 | ".`.............
0000000000001EE0 | 00 00 00 20 42 00 06 00  00 00 00 00 00 88 10 80 | ... B...........
0000000000001EF0 | 01 00 00 00 00 00 00 22  04 60 00 00 00 00 00 00 | .......".`......
0000000000001F00 | 80 08 01 18 00 00 00 00  00 00 20 42 00 06 00 00 | .......... B....
0000000000001F10 | 00 00 00 00 88 10 80 01  00 00 00 00 00 00 22 04 | ..............".
0000000000001F20 | 60 00 00 00 00 00 00 80  08 01 18 00 00 00 00 00 | `...............
0000000000001F30 | 00 20 42 00 06 00 00 00  00 00 00 88 10 80 01 00 | . B.............
0000000000001F40 | 00 00 00 00 00 22 04 60  00 00 00 00 00 00 80 08 | .....".`........
0000000000001F50 | 01 18 00 00 00 00 00 00  20 42 00 06 00 00 00 00 | ........ B......
0000000000001F60 | 00 00 88 10 80 01 00 00  00 00 00 00 22 04 60 00 | ............".`.
0000000000001F70 | 00 00 00 00 00 80 08 01  18 00 00 00 00 00 00 20 | ............... 
0000000000001F80 | 42 00 06 00 00 00 00 00  00 88 10 80 01 00 00 00 | B...............
0000000000001F90 | 00 00 00 22 04 60 00 00  00 00 00 00 80 08 01 18 | ...".`..........
0000000000001FA0 | 00 00 00 00 00 00 20 42  00 06 00 00 00 00 00 00 | ...... B........
0000000000001FB0 | 88 10 80 01 00 00 00 00  00 00 22 04 60 00 00 00 | ..........".`...
0000000000001FC0 | 00 00 00 80 08 01 18 00  00 00 00 00 00 20 42 00 | ............. B.
0000000000001FD0 | 06 00 00 00 00 00 00 88  10 80 01 00 00 00 00 00 | ................
0000000000001FE0 | 00 22 04 60 00 00 00 00  00 00 80 08 01 18 00 00 | .".`............
0000000000001FF0 | 00 00 00 00 20 42 00 06  00 00 00 00 00 00 88 10 | .... B..........
0000000000002000 | 80 01 00 00 00 00 00 00  22 04 60 00 00 00 00 00 | ........".`.....
0000000000002010 | 00 80 08 01 18 00 00 00  00 00 00 20 42 00 06 00 | ........... B...
0000000000002020 | 00 00 00 00 00 88 10 80  01 00 00 00 00 00 00 22 | ..............."
0000000000002030 | 04 60 00 00 00 00 00 00  80 08 01 18 00 00 00 00 | .`..............
0000000000002040 | 00 00 20 42 00 06 00 00  00 00 00 00 88 10 80 01 | .. B............
0000000000002050 | 00 00 00 00 00 00 22 04  60 00 00 00 00 00 00 80 | ......".`.......
0000000000002060 | 08 01 18 00 00 00 00 00  00 20 42 00 06 00 00 00 | ......... B.....
0000000000002070 | 00 00 00 88 10 80 01 00  00 00 00 00 00 22 04 60 | .............".`
0000000000002080 | 00 00 00 00 00 00 80 08  01 18 00 00 00 00 00 00 | ................
0000000000002090 | 20 42 00 06 00 00 00 00  00 00 88 10 80 01 00 00 |  B..............
00000000000020A0 | 00 00 00 00 22 04 60 00  00 00 00 00 00 80 08 01 | ....".`.........
00000000000020B0 | 18 00 00 00 00 00 00 20  42 00 06 00 00 00 00 00 | ....... B.......
00000000000020C0 | 00 88 10 80 01 00 00 00  00 00 00 22 04 60 00 00 | ...........".`..
00000000000020D0 | 00 00 00 00 80 08 01 18  00 00 00 00 00 00 20 42 | .............. B
00000000000020E0 | 00 06 00 00 00 00 00 00  88 10 80 01 00 00 00 00 | ................
00000000000020F0 | 00 00 22 04 60 00 00 00  00 00 00 80 08 01 18 00 | ..".`...........
0000000000002100 | 00 00 00 00 00 20 42 00  06 00 00 00 00 00 00 88 | ..... B.........
0000000000002110 | 10 80 01 00 00 00 00 00  00 22 04 60 00 00 00 00 | .........".`....
0000000000002120 | 00 00 80 08 01 18 00 00  00 00 00 00 20 42 00 06 | ............ B..
0000000000002130 | 00 00 00 00 00 00 88 10  80 01 00 00 00 00 00 00 | ................
0000000000002140 | 22 04 60 00 00 00 00 00  00 80 08 01 18 00 00 00 | ".`.............
0000000000002150 | 00 00 00 20 42 00 06 00  00 00 00 00 00 88 10 80 | ... B...........
0000000000002160 | 01 00 00 00 00 00 00 22  04 60 00 00 00 00 00 00 | .......".`......
0000000000002170 | 80 08 01 18 00 00 00 00  00 00 20 42 00 06 00 00 | .......... B....
0000000000002180 | 00 00 00 00 88 10 80 01  00 00 00 00 00 00 22 04 | ..............".
0000000000002190 | 60 00 00 00 00 00 00 80  08 01 18 00 00 00 00 00 | `...............
00000000000021A0 | 00 20 42 00 06 00 00 00  00 00 00 88 10 80 01 00 | . B.............
00000000000021B0 | 00 00 00 00 00 22 04 60  00 00 00 00 00 00 80 08 | .....".`........
00000000000021C0 | 01 18 00 00 00 00 00 00  20 42 00 06 00 00 00 00 | ........ B......
00000000000021D0 | 00 00 88 10 80 01 00 00  00 00 00 00 22 04 60 00 | ............".`.
00000000000021E0 | 00 00 00 00 00 80 08 01  18 00 00 00 00 00 00 20 | ............... 
00000000000021F0 | 42 00 06 00 00 00 00 00  00 88 10 80 01 00 00 00 | B...............
0000000000002200 | 00 00 00 22 04 60 00 00  00 00 00 00 80 08 01 18 | ...".`..........
0000000000002210 | 00 00 00 00 00 00 20 42  00 06 00 00 00 00 00 00 | ...... B........
0000000000002220 | 88 10 80 01 00 00 00 00  00 00 22 04 60 00 00 00 | ..........".`...
0000000000002230 | 00 00 00 80 08 01 18 00  00 00 00 00 00 20 42 00 | ............. B.
0000000000002240 | 06 00 00 00 00 00 00 88  10 80 01 00 00 00 00 00 | ................
0000000000002250 | 00 22 04 60 00 00 00 00  00 00 80 08 01 18 00 00 | .".`............
0000000000002260 | 00 00 00 00 20 42 00 06  00 00 00 00 00 00 88 10 | .... B..........
0000000000002270 | 80 01 00 00 00 00 00 00  22 04 60 00 00 00 00 00 | ........".`.....
0000000000002280 | 00 80 08 01 18 00 00 00  00 00 00 20 42 00 06 00 | ........... B...
0000000000002290 | 00 00 00 00 00 88 10 80  01 00 00 00 00 00 00 22 | ..............."
00000000000022A0 | 04 60 00 00 00 00 00 00  80 08 01 18 00 00 00 00 | .`..............
00000000000022B0 | 00 00 20 42 00 06 00 00  00 00 00 00 88 10 80 01 | .. B............
00000000000022C0 | 00 00 00 00 00 00 22 04  60 00 00 00 00 00 00 80 | ......".`.......
00000000000022D0 | 08 01 18 00 00 00 00 00  00 20 42 00 06 00 00 00 | ......... B.....
00000000000022E0 | 00 00 00 88 10 80 01 00  00 00 00 00 00 22 04 60 | .............".`
00000000000022F0 | 00 00 00 00 00 00 80 08  01 18 00 00 00 00 00 00 | ................
0000000000002300 | 20 42 00 06 00 00 00 00  00 00 88 10 80 01 00 00 |  B..............
0000000000002310 | 00 00 00 00 22 04 60 00  00 21 80 0B 5D 00 00 0A | ....".`..!..]...
0000000000002320 | 06 49 44 41 54 00 00 00  00 80 08 01 18 00 00 00 | .IDAT...........
0000000000002330 | 00 00 00 20 42 00 06 00  00 00 00 00 00 88 10 80 | ... B...........
0000000000002340 | 01 00 00 00 00 00 00 22  04 60 00 00 00 00 00 00 | .......".`......
0000000000002350 | 80 08 01 18 00 00 00 00  00 00 20 42 00 06 00 00 | .......... B....
0000000000002360 | 00 00 00 00 88 10 80 01  00 00 00 00 00 00 22 04 | ..............".
0000000000002370 | 60 00 00 00 00 00 00 80  08 01 18 00 00 00 00 00 | `...............
0000000000002380 | 00 20 42 00 06 00 00 00  00 00 00 88 10 80 01 00 | . B.............
0000000000002390 | 00 00 00 00 00 22 04 60  00 00 00 00 00 00 80 08 | .....".`........
00000000000023A0 | 01 18 00 00 00 00 00 00  20 42 00 06 00 00 00 00 | ........ B......
00000000000023B0 | 00 00 88 10 80 01 00 00  00 00 00 00 22 04 60 00 | ............".`.
00000000000023C0 | 00 00 00 00 00 80 08 01  18 00 00 00 00 00 00 20 | ............... 
00000000000023D0 | 42 00 06 00 00 00 00 00  00 88 10 80 01 00 00 00 | B...............
00000000000023E0 | 00 00 00 22 04 60 00 00  00 00 00 00 80 08 01 18 | ...".`..........
00000000000023F0 | 00 00 00 00 00 00 20 42  00 06 00 00 00 00 00 00 | ...... B........
0000000000002400 | 88 10 80 01 00 00 00 00  00 00 22 04 60 00 00 00 | ..........".`...
0000000000002410 | 00 00 00 80 08 01 18 00  00 00 00 00 00 20 42 00 | ............. B.
0000000000002420 | 06 00 00 00 00 00 00 88  10 80 01 00 00 00 00 00 | ................
0000000000002430 | 00 22 04 60 00 00 00 00  00 00 80 08 01 18 00 00 | .".`............
0000000000002440 | 00 00 00 00 20 42 00 06  00 00 00 00 00 00 88 10 | .... B..........
0000000000002450 | 80 01 00 00 00 00 00 00  22 04 60 00 00 00 00 00 | ........".`.....
0000000000002460 | 00 80 08 01 18 00 00 00  00 00 00 20 42 00 06 00 | ........... B...
0000000000002470 | 00 00 00 00 00 88 10 80  01 00 00 00 00 00 00 22 | ..............."
0000000000002480 | 04 60 00 00 00 00 00 00  80 08 01 18 00 00 00 00 | .`..............
0000000000002490 | 00 00 20 42 00 06 00 00  00 00 00 00 88 10 80 01 | .. B............
00000000000024A0 | 00 00 00 00 00 00 22 04  60 00 00 00 00 00 00 80 | ......".`.......
00000000000024B0 | 08 01 18 00 00 00 00 00  00 20 42 00 06 00 00 00 | ......... B.....
00000000000024C0 | 00 00 00 88 10 80 01 00  00 00 00 00 00 22 04 60 | .............".`
00000000000024D0 | 00 00 00 00 00 00 80 08  01 18 00 00 00 00 00 00 | ................
00000000000024E0 | 20 42 00 06 00 00 00 00  00 00 88 10 80 01 00 00 |  B..............
00000000000024F0 | 00 00 00 00 22 04 60 00  00 00 00 00 00 80 08 01 | ....".`.........
0000000000002500 | 18 00 00 00 00 00 00 20  42 00 06 00 00 00 00 00 | ....... B.......
0000000000002510 | 00 88 10 80 01 00 00 00  00 00 00 22 04 60 00 00 | ...........".`..
0000000000002520 | 00 00 00 00 80 08 01 18  00 00 00 00 00 00 20 42 | .............. B
0000000000002530 | 00 06 00 00 00 00 00 00  88 10 80 01 00 00 00 00 | ................
0000000000002540 | 00 00 22 04 60 00 00 00  00 00 00 80 08 01 18 00 | ..".`...........
0000000000002550 | 00 00 00 00 00 20 42 00  06 00 00 00 00 00 00 88 | ..... B.........
0000000000002560 | 10 80 01 00 00 00 00 00  00 22 04 60 00 00 00 00 | .........".`....
0000000000002570 | 00 00 80 08 01 18 00 00  00 00 00 00 20 42 00 06 | ............ B..
0000000000002580 | 00 00 00 00 00 00 88 10  80 01 00 00 00 00 00 00 | ................
0000000000002590 | 22 04 60 00 00 00 00 00  00 80 08 01 18 00 00 00 | ".`.............
00000000000025A0 | 00 00 00 20 42 00 06 00  00 00 00 00 00 88 10 80 | ... B...........
00000000000025B0 | 01 00 00 00 00 00 00 22  04 60 00 00 00 00 00 00 | .......".`......
00000000000025C0 | 80 08 01 18 00 00 00 00  00 00 20 42 00 06 00 00 | .......... B....
00000000000025D0 | 00 00 00 00 88 10 80 01  00 00 00 00 00 00 22 04 | ..............".
00000000000025E0 | 60 00 00 00 00 00 00 80  08 01 18 00 00 00 00 00 | `...............
00000000000025F0 | 00 20 42 00 06 00 00 00  00 00 00 88 10 80 01 00 | . B.............
0000000000002600 | 00 00 00 00 00 22 04 60  00 00 00 00 00 00 80 08 | .....".`........
0000000000002610 | 01 18 00 00 00 00 00 00  20 42 00 06 00 00 00 00 | ........ B......
0000000000002620 | 00 00 88 10 80 01 00 00  00 00 00 00 22 04 60 00 | ............".`.
0000000000002630 | 00 00 00 00 00 80 08 01  18 00 00 00 00 00 00 20 | ............... 
0000000000002640 | 42 00 06 00 00 00 00 00  00 88 10 80 01 00 00 00 | B...............
0000000000002650 | 00 00 00 22 04 60 00 00  00 00 00 00 80 08 01 18 | ...".`..........
0000000000002660 | 00 00 00 00 00 00 20 42  00 06 00 00 00 00 00 00 | ...... B........
0000000000002670 | 88 10 80 01 00 00 00 00  00 00 22 04 60 00 00 00 | ..........".`...
0000000000002680 | 00 00 00 80 08 01 18 00  00 00 00 00 00 20 42 00 | ............. B.
0000000000002690 | 06 00 00 00 00 00 00 88  10 80 01 00 00 00 00 00 | ................
00000000000026A0 | 00 22 04 60 00 00 00 00  00 00 80 08 01 18 00 00 | .".`............
00000000000026B0 | 00 00 00 00 20 42 00 06  00 00 00 00 00 00 88 10 | .... B..........
00000000000026C0 | 80 01 00 00 00 00 00 00  22 04 60 00 00 00 00 00 | ........".`.....
00000000000026D0 | 00 80 08 01 18 00 00 00  00 00 00 20 42 00 06 00 | ........... B...
00000000000026E0 | 00 00 00 00 00 88 10 80  01 00 00 00 00 00 00 22 | ..............."
00000000000026F0 | 04 60 00 00 00 00 00 00  80 08 01 18 00 00 00 00 | .`..............
0000000000002700 | 00 00 20 42 00 06 00 00  00 00 00 00 88 10 80 01 | .. B............
0000000000002710 | 00 00 00 00 00 00 22 04  60 00 00 00 00 00 00 80 | ......".`.......
0000000000002720 | 08 01 18 00 00 00 00 00  00 20 42 00 06 00 00 00 | ......... B.....
0000000000002730 | 00 00 00 88 10 80 01 00  00 00 00 00 00 22 04 60 | .............".`
0000000000002740 | 00 00 00 00 00 00 80 08  01 18 00 00 00 00 00 00 | ................
0000000000002750 | 20 42 00 06 00 00 00 00  00 00 88 10 80 01 00 00 |  B..............
0000000000002760 | 00 00 00 00 22 04 60 00  00 00 00 00 00 80 08 01 | ....".`.........
0000000000002770 | 18 00 00 00 00 00 00 20  42 00 06 00 00 00 00 00 | ....... B.......
0000000000002780 | 00 88 10 80 01 00 00 00  00 00 00 22 04 60 00 00 | ...........".`..
0000000000002790 | 00 00 00 00 80 08 01 18  00 00 00 00 00 00 20 42 | .............. B
00000000000027A0 | 00 06 00 00 00 00 00 00  88 10 80 01 00 00 00 00 | ................
00000000000027B0 | 00 00 22 04 60 00 00 00  00 00 00 80 08 01 18 00 | ..".`...........
00000000000027C0 | 00 00 00 00 00 20 42 00  06 00 00 00 00 00 00 88 | ..... B.........
00000000000027D0 | 10 80 01 00 00 00 00 00  00 22 04 60 00 00 00 00 | .........".`....
00000000000027E0 | 00 00 80 08 01 18 00 00  00 00 00 00 20 42 00 06 | ............ B..
00000000000027F0 | 00 00 00 00 00 00 88 10  80 01 00 00 00 00 00 00 | ................
0000000000002800 | 22 04 60 00 00 00 00 00  00 80 08 01 18 00 00 00 | ".`.............
0000000000002810 | 00 00 00 20 42 00 06 00  00 00 00 00 00 88 10 80 | ... B...........
0000000000002820 | 01 00 00 00 00 00 00 22  04 60 00 00 00 00 00 00 | .......".`......
0000000000002830 | 80 08 01 18 00 00 00 00  00 00 20 42 00 06 00 00 | .......... B....
0000000000002840 | 00 00 00 00 88 10 80 01  00 00 00 00 00 00 22 04 | ..............".
0000000000002850 | 60 00 00 00 00 00 00 80  08 01 18 00 00 00 00 00 | `...............
0000000000002860 | 00 20 42 00 06 00 00 00  00 00 00 88 10 80 01 00 | . B.............
0000000000002870 | 00 00 00 00 00 22 04 60  00 00 00 00 00 00 80 08 | .....".`........
0000000000002880 | 01 18 00 00 00 00 00 00  20 42 00 06 00 00 00 00 | ........ B......
0000000000002890 | 00 00 88 10 80 01 00 00  00 00 00 00 22 04 60 00 | ............".`.
00000000000028A0 | 00 00 00 00 00 80 08 01  18 00 00 00 00 00 00 20 | ............... 
00000000000028B0 | 42 00 06 00 00 00 00 00  00 88 10 80 01 00 00 00 | B...............
00000000000028C0 | 00 00 00 22 04 60 00 00  00 00 00 00 80 08 01 18 | ...".`..........
00000000000028D0 | 00 00 00 00 00 00 20 42  00 06 00 00 00 00 00 00 | ...... B........
00000000000028E0 | 88 10 80 01 00 00 00 00  00 00 22 04 60 00 00 00 | ..........".`...
00000000000028F0 | 00 00 00 80 08 01 18 00  00 00 00 00 00 20 42 00 | ............. B.
0000000000002900 | 06 00 00 00 00 00 00 88  10 80 01 00 00 00 00 00 | ................
0000000000002910 | 00 22 04 60 00 00 00 00  00 00 80 08 01 18 00 00 | .".`............
0000000000002920 | 00 00 00 00 20 42 00 06  00 00 00 00 00 00 88 10 | .... B..........
0000000000002930 | 80 01 00 00 00 00 00 00  22 04 60 00 00 00 00 00 | ........".`.....
0000000000002940 | 00 80 08 01 18 00 00 00  00 00 00 20 42 00 06 00 | ........... B...
0000000000002950 | 00 00 00 00 00 88 10 80  01 00 00 00 00 00 00 22 | ..............."
0000000000002960 | 04 60 00 00 00 00 00 00  80 08 01 18 00 00 00 00 | .`..............
0000000000002970 | 00 00 20 42 00 06 00 00  00 00 00 00 88 10 80 01 | .. B............
0000000000002980 | 00 00 00 00 00 00 22 04  60 00 00 00 00 00 00 80 | ......".`.......
0000000000002990 | 08 01 18 00 00 00 00 00  00 20 42 00 06 00 00 00 | ......... B.....
00000000000029A0 | 00 00 00 88 10 80 01 00  00 00 00 00 00 22 04 60 | .............".`
00000000000029B0 | 00 00 00 00 00 00 80 08  01 18 00 00 00 00 00 00 | ................
00000000000029C0 | 20 42 00 06 00 00 00 00  00 00 88 10 80 01 00 00 |  B..............
00000000000029D0 | 00 00 00 00 22 04 60 00  00 00 00 00 00 80 08 01 | ....".`.........
00000000000029E0 | 18 00 00 00 00 00 00 20  42 00 06 00 00 00 00 00 | ....... B.......
00000000000029F0 | 00 88 10 80 01 00 00 00  00 00 00 22 04 60 00 00 | ...........".`..
0000000000002A00 | 00 00 00 00 80 08 01 18  00 00 00 00 00 00 20 42 | .............. B
0000000000002A10 | 00 06 00 00 00 00 00 00  88 10 80 01 00 00 00 00 | ................
0000000000002A20 | 00 00 22 04 60 00 00 00  00 00 00 80 08 01 18 00 | ..".`...........
0000000000002A30 | 00 00 00 00 00 20 42 00  06 00 00 00 00 00 00 88 | ..... B.........
0000000000002A40 | 10 80 01 00 00 00 00 00  00 22 04 60 00 00 00 00 | .........".`....
0000000000002A50 | 00 00 80 08 01 18 00 00  00 00 00 00 20 42 00 06 | ............ B..
0000000000002A60 | 00 00 00 00 00 00 88 10  80 01 00 00 00 00 00 00 | ................
0000000000002A70 | 22 04 60 00 00 00 00 00  00 80 08 01 18 00 00 00 | ".`.............
0000000000002A80 | 00 00 00 20 42 00 06 00  00 00 00 00 00 88 10 80 | ... B...........
0000000000002A90 | 01 00 00 00 00 00 00 22  04 60 00 00 00 00 00 00 | .......".`......
0000000000002AA0 | 80 08 01 18 00 00 00 00  00 00 20 42 00 06 00 00 | .......... B....
0000000000002AB0 | 00 00 00 00 88 10 80 01  00 00 00 00 00 00 22 04 | ..............".
0000000000002AC0 | 60 00 00 00 00 00 00 80  08 01 18 00 00 00 00 00 | `...............
0000000000002AD0 | 00 20 42 00 06 00 00 00  00 00 00 88 10 80 01 00 | . B.............
0000000000002AE0 | 00 00 00 00 00 22 04 60  00 00 00 00 00 00 80 08 | .....".`........
0000000000002AF0 | 01 18 00 00 00 00 00 00  20 42 00 06 00 00 00 00 | ........ B......
0000000000002B00 | 00 00 88 10 80 01 00 00  00 00 00 00 22 04 60 00 | ............".`.
0000000000002B10 | 00 00 00 00 00 80 08 01  18 00 00 00 00 00 00 20 | ............... 
0000000000002B20 | 42 00 06 00 00 00 00 00  00 88 10 80 01 00 00 00 | B...............
0000000000002B30 | 00 00 00 22 04 60 00 00  00 00 00 00 80 08 01 18 | ...".`..........
0000000000002B40 | 00 00 00 00 00 00 20 42  00 06 00 00 00 00 00 00 | ...... B........
0000000000002B50 | 88 10 80 01 00 00 00 00  00 00 22 04 60 00 00 00 | ..........".`...
0000000000002B60 | 00 00 00 80 08 01 18 00  00 00 00 00 00 20 42 00 | ............. B.
0000000000002B70 | 06 00 00 00 00 00 00 88  10 80 01 00 00 00 00 00 | ................
0000000000002B80 | 00 22 04 60 00 00 00 00  00 00 80 08 01 18 00 00 | .".`............
0000000000002B90 | 00 00 00 00 20 42 00 06  00 00 00 00 00 00 88 10 | .... B..........
0000000000002BA0 | 80 01 00 00 00 00 00 00  22 04 60 00 00 00 00 00 | ........".`.....
0000000000002BB0 | 00 80 08 01 18 00 00 00  00 00 00 20 42 00 06 00 | ........... B...
0000000000002BC0 | 00 00 00 00 00 88 10 80  01 00 00 00 00 00 00 22 | ..............."
0000000000002BD0 | 04 60 00 00 00 00 00 00  80 08 01 18 00 00 00 00 | .`..............
0000000000002BE0 | 00 00 20 42 00 06 00 00  00 00 00 00 88 10 80 01 | .. B............
0000000000002BF0 | 00 00 00 00 00 00 22 04  60 00 00 00 00 00 00 80 | ......".`.......
0000000000002C00 | 08 01 18 00 00 00 00 00  00 20 42 00 06 00 00 00 | ......... B.....
0000000000002C10 | 00 00 00 88 10 80 01 00  00 00 00 00 00 22 04 60 | .............".`
0000000000002C20 | 00 00 00 00 00 00 80 08  01 18 00 00 00 00 00 00 | ................
0000000000002C30 | 20 42 00 06 00 00 00 00  00 00 88 10 80 01 00 00 |  B..............
0000000000002C40 | 00 00 00 00 22 04 60 00  00 00 00 00 00 80 08 01 | ....".`.........
0000000000002C50 | 18 00 00 00 00 00 00 20  42 00 06 00 00 00 00 00 | ....... B.......
0000000000002C60 | 00 88 10 80 01 00 00 00  00 00 00 22 04 60 00 00 | ...........".`..
0000000000002C70 | 00 00 00 00 80 08 01 18  00 00 00 00 00 00 20 42 | .............. B
0000000000002C80 | 00 06 00 00 00 00 00 00  88 10 80 01 00 00 00 00 | ................
0000000000002C90 | 00 00 22 04 60 00 00 00  00 00 00 80 08 01 18 00 | ..".`...........
0000000000002CA0 | 00 00 00 00 00 20 42 00  06 00 00 00 00 00 00 88 | ..... B.........
0000000000002CB0 | 10 80 01 00 00 00 00 00  00 22 04 60 00 00 00 00 | .........".`....
0000000000002CC0 | 00 00 80 08 01 18 00 00  00 00 00 00 20 42 00 06 | ............ B..
0000000000002CD0 | 00 00 00 00 00 00 88 10  80 01 00 00 00 00 00 00 | ................
0000000000002CE0 | 22 04 60 00 00 00 00 00  00 80 08 01 18 00 00 00 | ".`.............
0000000000002CF0 | 00 00 00 20 42 00 06 00  00 00 00 00 00 88 10 80 | ... B...........
0000000000002D00 | 01 00 00 00 00 00 00 22  04 60 00 00 00 00 00 00 | .......".`......
0000000000002D10 | 80 08 01 18 00 00 00 00  00 00 20 42 00 06 00 00 | .......... B....
0000000000002D20 | 00 00 00 00 88 78 01 34  79 2E 05 55 3D CE 56 00 | .....x.4y..U=.V.
0000000000002D30 | 00 00 00 49 45 4E 44 AE  42 60 82 00 00 03 19 49 | ...IEND.B`.....I
0000000000002D40 | 50 4E 47 89 50 4E 47 0D  0A 1A 0A 00 00 00 0D 49 | PNG.PNG........I
0000000000002D50 | 48 44 52 00 00 00 40 00  00 00 40 08 06 00 00 00 | HDR...@...@.....
0000000000002D60 | AA 69 71 DE 00 00 00 04  73 42 49 54 08 08 08 08 | .iq.....sBIT....
0000000000002D70 | 7C 08 64 88 00 00 00 09  70 48 59 73 00 00 0B 12 | |.d.....pHYs....
0000000000002D80 | 00 00 0B 12 01 D2 DD 7E  FC 00 00 00 13 74 45 58 | .......~.....tEX
0000000000002D90 | 74 6F 62 6A 65 63 74 20  74 79 70 65 00 74 65 78 | tobject type.tex
0000000000002DA0 | 74 75 72 65 68 09 4E 6A  00 00 00 16 77 61 44 41 | tureh.Nj....waDA
0000000000002DB0 | 69 6D 61 67 65 20 70 6F  73 69 74 69 6F 6E 31 20 | image position1 
0000000000002DC0 | 78 00 00 00 00 00 87 13  4E 65 00 00 00 16 77 61 | x.......Ne....wa
0000000000002DD0 | 44 41 69 6D 61 67 65 20  70 6F 73 69 74 69 6F 6E | DAimage position
0000000000002DE0 | 31 20 79 00 00 00 00 00  4C 4F 9D C0 00 00 00 16 | 1 y.....LO......
0000000000002DF0 | 77 61 44 41 69 6D 61 67  65 20 70 6F 73 69 74 69 | waDAimage positi
0000000000002E00 | 6F 6E 32 20 78 00 00 00  00 3F BF FA 64 BB 00 00 | on2 x....?..d...
0000000000002E10 | 00 16 77 61 44 41 69 6D  61 67 65 20 70 6F 73 69 | ..waDAimage posi
0000000000002E20 | 74 69 6F 6E 32 20 79 00  00 00 00 00 C2 C0 9A 23 | tion2 y........#
0000000000002E30 | 00 00 00 16 77 61 44 41  69 6D 61 67 65 20 70 6F | ....waDAimage po
0000000000002E40 | 73 69 74 69 6F 6E 33 20  78 00 00 00 00 3F 73 50 | sition3 x....?sP
0000000000002E50 | 64 25 00 00 00 16 77 61  44 41 69 6D 61 67 65 20 | d%....waDAimage 
0000000000002E60 | 70 6F 73 69 74 69 6F 6E  33 20 79 00 00 00 00 3F | position3 y....?
0000000000002E70 | B8 0C B7 80 00 00 00 16  77 61 44 41 69 6D 61 67 | ........waDAimag
0000000000002E80 | 65 20 70 6F 73 69 74 69  6F 6E 34 20 78 00 00 00 | e position4 x...
0000000000002E90 | 00 00 CF F3 40 01 00 00  00 16 77 61 44 41 69 6D | ....@.....waDAim
0000000000002EA0 | 61 67 65 20 70 6F 73 69  74 69 6F 6E 34 20 79 00 | age position4 y.
0000000000002EB0 | 00 00 00 3F B2 C9 BE 99  00 00 00 10 77 61 44 41 | ...?........waDA
0000000000002EC0 | 69 6D 61 67 65 20 61 6C  70 68 61 00 00 00 00 FF | image alpha.....
0000000000002ED0 | 86 1C 5A 2D 00 00 00 11  77 61 44 41 69 6D 61 67 | ..Z-....waDAimag
0000000000002EE0 | 65 20 68 69 64 64 65 6E  00 00 00 00 00 F9 29 EB | e hidden......).
0000000000002EF0 | 1A 00 00 00 19 77 61 44  41 74 65 78 74 75 72 65 | .....waDAtexture
0000000000002F00 | 20 6F 62 6A 65 63 74 20  74 79 70 65 00 63 6F 6C |  object type.col
0000000000002F10 | 6F 72 A6 92 70 71 00 00  00 13 77 61 44 41 74 65 | or..pq....waDAte
0000000000002F20 | 78 74 75 72 65 20 63 6F  6C 6F 72 31 00 00 FF FF | xture color1....
0000000000002F30 | FF 21 40 AE C1 00 00 00  13 77 61 44 41 74 65 78 | .!@......waDAtex
0000000000002F40 | 74 75 72 65 20 63 6F 6C  6F 72 32 00 00 00 00 00 | ture color2.....
0000000000002F50 | A7 6A FA 7D 00 00 00 12  77 61 44 41 74 65 78 74 | .j.}....waDAtext
0000000000002F60 | 75 72 65 20 61 6E 67 6C  65 00 00 00 00 00 B8 88 | ure angle.......
0000000000002F70 | 77 B2 00 00 00 12 77 61  44 41 74 65 78 74 75 72 | w.....waDAtextur
0000000000002F80 | 65 20 6C 65 76 65 6C 00  00 00 00 00 CD A5 47 71 | e level.......Gq
0000000000002F90 | 00 00 00 12 77 61 44 41  74 65 78 74 75 72 65 20 | ....waDAtexture 
0000000000002FA0 | 70 61 74 68 6E 61 6D 65  00 40 96 3F 89 D5 00 00 | pathname.@.?....
0000000000002FB0 | 00 96 49 44 41 54 78 9C  ED D0 41 11 C0 30 00 C3 | ..IDATx...A..0..
0000000000002FC0 | B0 75 FC 39 A7 30 F4 A8  85 C0 E7 B3 6D DF C3 7E | .u.9.0......m..~
0000000000002FD0 | 1D A0 35 40 07 68 0D D0  01 5A 03 74 80 D6 00 1D | ..5@.h...Z.t....
0000000000002FE0 | A0 35 40 07 68 0D D0 01  5A 03 74 80 D6 00 1D A0 | .5@.h...Z.t.....
0000000000002FF0 | 35 40 07 68 0D D0 01 5A  03 74 80 D6 00 1D A0 35 | 5@.h...Z.t.....5
0000000000003000 | 40 07 68 0D D0 01 5A 03  74 80 D6 00 1D A0 35 40 | @.h...Z.t.....5@
0000000000003010 | 07 68 0D D0 01 5A 03 74  80 D6 00 1D A0 35 40 07 | .h...Z.t.....5@.
0000000000003020 | 68 0D D0 01 5A 03 74 80  D6 00 1D A0 35 40 07 68 | h...Z.t.....5@.h
0000000000003030 | 0D D0 01 5A 03 74 80 D6  00 1D A0 35 40 07 68 0D | ...Z.t.....5@.h.
0000000000003040 | D0 01 5A 03 74 80 76 01  55 3A 04 7C 1B CF 26 4D | ..Z.t.v.U:.|..&M
0000000000003050 | 00 00 00 00 49 45 4E 44  AE 42 60 82 00 00 0A 1D | ....IEND.B`.....
0000000000003060 | 49 50 4E 47 89 50 4E 47  0D 0A 1A 0A 00 00 00 0D | IPNG.PNG........
0000000000003070 | 49 48 44 52 00 00 01 D3  00 00 01 01 08 06 00 00 | IHDR............
0000000000003080 | 00 23 08 4F 89 00 00 00  04 73 42 49 54 08 08 08 | .#.O.....sBIT...
0000000000003090 | 08 7C 08 64 88 00 00 00  09 70 48 59 73 00 00 0B | .|.d.....pHYs...
00000000000030A0 | 12 00 00 0B 12 01 D2 DD  7E FC 00 00 00 11 74 45 | ........~.....tE
00000000000030B0 | 58 74 6F 62 6A 65 63 74  20 74 79 70 65 00 69 6D | Xtobject type.im
00000000000030C0 | 61 67 65 11 2A 85 AB 00  00 00 15 77 61 44 41 6F | age.*......waDAo
00000000000030D0 | 62 6A 65 63 74 20 73 75  62 74 79 70 65 00 76 65 | bject subtype.ve
00000000000030E0 | 63 74 6F 72 FA F8 BA 8C  00 00 00 16 77 61 44 41 | ctor........waDA
00000000000030F0 | 69 6D 61 67 65 20 70 6F  73 69 74 69 6F 6E 31 20 | image position1 
0000000000003100 | 78 00 00 00 01 BE B2 D1  E1 AF 00 00 00 16 77 61 | x.............wa
0000000000003110 | 44 41 69 6D 61 67 65 20  70 6F 73 69 74 69 6F 6E | DAimage position
0000000000003120 | 31 20 79 00 00 00 00 E4  EB 28 BB A1 00 00 00 16 | 1 y......(......
0000000000003130 | 77 61 44 41 69 6D 61 67  65 20 70 6F 73 69 74 69 | waDAimage positi
0000000000003140 | 6F 6E 32 20 78 00 00 00  03 90 D2 BE 89 01 00 00 | on2 x...........
0000000000003150 | 00 16 77 61 44 41 69 6D  61 67 65 20 70 6F 73 69 | ..waDAimage posi
0000000000003160 | 74 69 6F 6E 32 20 79 00  00 00 00 E4 65 A7 BC 42 | tion2 y.....e..B
0000000000003170 | 00 00 00 16 77 61 44 41  69 6D 61 67 65 20 70 6F | ....waDAimage po
0000000000003180 | 73 69 74 69 6F 6E 33 20  78 00 00 00 03 90 1E 14 | sition3 x.......
0000000000003190 | 89 9F 00 00 00 16 77 61  44 41 69 6D 61 67 65 20 | ......waDAimage 
00000000000031A0 | 70 6F 73 69 74 69 6F 6E  33 20 79 00 00 00 01 E4 | position3 y.....
00000000000031B0 | B0 16 8D 9D 00 00 00 16  77 61 44 41 69 6D 61 67 | ........waDAimag
00000000000031C0 | 65 20 70 6F 73 69 74 69  6F 6E 34 20 78 00 00 00 | e position4 x...
00000000000031D0 | 01 BE FA 31 EF CB 00 00  00 16 77 61 44 41 69 6D | ...1......waDAim
00000000000031E0 | 61 67 65 20 70 6F 73 69  74 69 6F 6E 34 20 79 00 | age position4 y.
00000000000031F0 | 00 00 01 E4 BA D3 84 84  00 00 00 10 77 61 44 41 | ............waDA
0000000000003200 | 69 6D 61 67 65 20 61 6C  70 68 61 00 00 00 00 FF | image alpha.....
0000000000003210 | 86 1C 5A 2D 00 00 00 11  77 61 44 41 69 6D 61 67 | ..Z-....waDAimag
0000000000003220 | 65 20 68 69 64 64 65 6E  00 00 00 00 00 F9 29 EB | e hidden......).
0000000000003230 | 1A 00 00 00 12 77 61 44  41 76 65 63 74 6F 72 20 | .....waDAvector 
0000000000003240 | 63 6C 6F 73 65 64 00 00  00 00 01 61 F8 56 29 00 | closed.....a.V).
0000000000003250 | 00 00 13 77 61 44 41 76  65 63 74 6F 72 20 71 75 | ...waDAvector qu
0000000000003260 | 61 6C 69 74 79 00 00 00  00 01 BA B9 6F D6 00 00 | ality.......o...
0000000000003270 | 00 18 77 61 44 41 76 65  63 74 6F 72 20 65 6C 65 | ..waDAvector ele
0000000000003280 | 6D 65 6E 74 20 74 79 70  65 00 00 00 00 04 A1 6D | ment type......m
0000000000003290 | A0 56 00 00 00 18 77 61  44 41 76 65 63 74 6F 72 | .V....waDAvector
00000000000032A0 | 20 73 74 72 6F 6B 65 20  73 74 79 6C 65 00 00 00 |  stroke style...
00000000000032B0 | 00 00 0C 12 72 FA 00 00  00 16 77 61 44 41 76 65 | ....r.....waDAve
00000000000032C0 | 63 74 6F 72 20 73 74 72  6F 6B 65 20 63 61 70 00 | ctor stroke cap.
00000000000032D0 | 00 00 00 00 E3 8D 8A FE  00 00 00 17 77 61 44 41 | ............waDA
00000000000032E0 | 76 65 63 74 6F 72 20 73  74 72 6F 6B 65 20 6A 6F | vector stroke jo
00000000000032F0 | 69 6E 00 00 00 00 02 1F  7B CF 6E 00 00 00 1F 77 | in......{.n....w
0000000000003300 | 61 44 41 76 65 63 74 6F  72 20 73 74 61 72 74 20 | aDAvector start 
0000000000003310 | 73 74 72 6F 6B 65 20 6D  61 72 6B 65 72 00 00 00 | stroke marker...
0000000000003320 | 00 00 A8 05 5E 26 00 00  00 1D 77 61 44 41 76 65 | ....^&....waDAve
0000000000003330 | 63 74 6F 72 20 65 6E 64  20 73 74 72 6F 6B 65 20 | ctor end stroke 
0000000000003340 | 6D 61 72 6B 65 72 00 00  00 00 00 09 EE A9 A5 00 | marker..........
0000000000003350 | 00 00 1D 77 61 44 41 76  65 63 74 6F 72 20 73 74 | ...waDAvector st
0000000000003360 | 61 72 74 20 6D 61 72 6B  65 72 20 73 69 7A 65 00 | art marker size.
0000000000003370 | 00 00 00 04 0F 03 68 70  00 00 00 1B 77 61 44 41 | ......hp....waDA
0000000000003380 | 76 65 63 74 6F 72 20 65  6E 64 20 6D 61 72 6B 65 | vector end marke
0000000000003390 | 72 20 73 69 7A 65 00 00  00 00 04 DE AF 07 11 00 | r size..........
00000000000033A0 | 00 00 1C 77 61 44 41 76  65 63 74 6F 72 20 73 74 | ...waDAvector st
00000000000033B0 | 72 6F 6B 65 20 77 69 64  74 68 00 3F F0 00 00 00 | roke width.?....
00000000000033C0 | 00 00 00 4F C0 D9 82 00  00 00 18 77 61 44 41 76 | ...O.......waDAv
00000000000033D0 | 65 63 74 6F 72 20 6D 61  74 72 69 78 20 61 00 40 | ector matrix a.@
00000000000033E0 | 05 2E 8B A2 E8 BA 2F 9B  39 E3 B8 00 00 00 18 77 | ....../.9......w
00000000000033F0 | 61 44 41 76 65 63 74 6F  72 20 6D 61 74 72 69 78 | aDAvector matrix
0000000000003400 | 20 62 00 00 00 00 00 00  00 00 00 05 53 7B C9 00 |  b..........S{..
0000000000003410 | 00 00 18 77 61 44 41 76  65 63 74 6F 72 20 6D 61 | ...waDAvector ma
0000000000003420 | 74 72 69 78 20 63 00 00  00 00 00 00 00 00 00 EA | trix c..........
0000000000003430 | 91 10 F7 00 00 00 18 77  61 44 41 76 65 63 74 6F | .......waDAvecto
0000000000003440 | 72 20 6D 61 74 72 69 78  20 64 00 40 05 1D 07 EA | r matrix d.@....
0000000000003450 | E2 F8 15 DC 9C 01 5D 00  00 00 18 77 61 44 41 76 | ......]....waDAv
0000000000003460 | 65 63 74 6F 72 20 6D 61  74 72 69 78 20 65 00 40 | ector matrix e.@
0000000000003470 | 62 4C 89 34 5D 17 46 97  46 55 43 00 00 00 18 77 | bL.4].F.FUC....w
0000000000003480 | 61 44 41 76 65 63 74 6F  72 20 6D 61 74 72 69 78 | aDAvector matrix
0000000000003490 | 20 66 00 C0 48 71 88 75  71 7C 08 C4 91 6E AC 00 |  f..Hq.uq|...n..
00000000000034A0 | 00 00 20 77 61 44 41 76  65 63 74 6F 72 20 6F 72 | .. waDAvector or
00000000000034B0 | 69 67 69 6E 61 6C 20 70  6F 73 69 74 69 6F 6E 31 | iginal position1
00000000000034C0 | 20 78 00 00 00 00 71 82  DF 8B 51 00 00 00 20 77 |  x....q...Q... w
00000000000034D0 | 61 44 41 76 65 63 74 6F  72 20 6F 72 69 67 69 6E | aDAvector origin
00000000000034E0 | 61 6C 20 70 6F 73 69 74  69 6F 6E 31 20 79 00 00 | al position1 y..
00000000000034F0 | 00 00 69 5A EF C0 A2 00  00 00 20 77 61 44 41 76 | ..iZ...... waDAv
0000000000003500 | 65 63 74 6F 72 20 6F 72  69 67 69 6E 61 6C 20 70 | ector original p
0000000000003510 | 6F 73 69 74 69 6F 6E 32  20 78 00 00 00 01 21 7E | osition2 x....!~
0000000000003520 | 20 EC 07 00 00 00 20 77  61 44 41 76 65 63 74 6F |  ..... waDAvecto
0000000000003530 | 72 20 6F 72 69 67 69 6E  61 6C 20 70 6F 73 69 74 | r original posit
0000000000003540 | 69 6F 6E 32 20 79 00 00  00 00 69 D4 60 C7 41 00 | ion2 y....i.`.A.
0000000000003550 | 00 00 20 77 61 44 41 76  65 63 74 6F 72 20 6F 72 | .. waDAvector or
0000000000003560 | 69 67 69 6E 61 6C 20 70  6F 73 69 74 69 6F 6E 33 | iginal position3
0000000000003570 | 20 78 00 00 00 01 21 B2  8A EC 99 00 00 00 20 77 |  x....!....... w
0000000000003580 | 61 44 41 76 65 63 74 6F  72 20 6F 72 69 67 69 6E | aDAvector origin
0000000000003590 | 61 6C 20 70 6F 73 69 74  69 6F 6E 33 20 79 00 00 | al position3 y..
00000000000035A0 | 00 00 CA 57 15 35 8D 00  00 00 20 77 61 44 41 76 | ...W.5.... waDAv
00000000000035B0 | 65 63 74 6F 72 20 6F 72  69 67 69 6E 61 6C 20 70 | ector original p
00000000000035C0 | 6F 73 69 74 69 6F 6E 34  20 78 00 00 00 00 71 CA | osition4 x....q.
00000000000035D0 | 3F 85 35 00 00 00 20 77  61 44 41 76 65 63 74 6F | ?.5... waDAvecto
00000000000035E0 | 72 20 6F 72 69 67 69 6E  61 6C 20 70 6F 73 69 74 | r original posit
00000000000035F0 | 69 6F 6E 34 20 79 00 00  00 00 CA 5D D0 3C 94 00 | ion4 y.....].<..
0000000000003600 | 00 00 21 77 61 44 41 76  65 63 74 6F 72 20 65 6E | ..!waDAvector en
0000000000003610 | 61 62 6C 65 20 73 74 72  6F 6B 65 20 74 65 78 74 | able stroke text
0000000000003620 | 75 72 65 00 00 00 00 00  67 BA 77 D5 00 00 00 1F | ure.....g.w.....
0000000000003630 | 77 61 44 41 76 65 63 74  6F 72 20 65 6E 61 62 6C | waDAvector enabl
0000000000003640 | 65 20 66 69 6C 6C 20 74  65 78 74 75 72 65 00 00 | e fill texture..
0000000000003650 | 00 00 01 94 DD B4 D1 00  00 00 1E 77 61 44 41 76 | ...........waDAv
0000000000003660 | 65 63 74 6F 72 20 65 66  66 65 63 74 20 6F 62 6A | ector effect obj
0000000000003670 | 65 63 74 20 74 79 70 65  00 6E 6F 6E 65 78 01 C3 | ect type.nonex..
0000000000003680 | 67 00 00 03 E8 49 44 41  54 78 9C ED D5 41 0D 80 | g....IDATx...A..
0000000000003690 | 30 00 C0 C0 31 79 53 87  46 8C 30 0F EB 83 90 DC | 0...1yS.F.0.....
00000000000036A0 | 29 E8 AF D7 BA 9F 77 00  00 C7 E6 D7 01 00 F0 77 | ).....w........w
00000000000036B0 | 66 0A 00 91 99 02 40 64  A6 00 10 99 29 00 44 66 | f.....@d....).Df
00000000000036C0 | 0A 00 91 99 02 40 64 A6  00 10 99 29 00 44 66 0A | .....@d....).Df.
00000000000036D0 | 00 91 99 02 40 64 A6 00  10 99 29 00 44 66 0A 00 | ....@d....).Df..
00000000000036E0 | 91 99 02 40 64 A6 00 10  99 29 00 44 66 0A 00 91 | ...@d....).Df...
00000000000036F0 | 99 02 40 64 A6 00 10 99  29 00 44 66 0A 00 91 99 | ..@d....).Df....
0000000000003700 | 02 40 64 A6 00 10 99 29  00 44 66 0A 00 91 99 02 | .@d....).Df.....
0000000000003710 | 40 64 A6 00 10 99 29 00  44 66 0A 00 91 99 02 40 | @d....).Df.....@
0000000000003720 | 64 A6 00 10 99 29 00 44  66 0A 00 91 99 02 40 64 | d....).Df.....@d
0000000000003730 | A6 00 10 99 29 00 44 66  0A 00 91 99 02 40 64 A6 | ....).Df.....@d.
0000000000003740 | 00 10 99 29 00 44 66 0A  00 91 99 02 40 64 A6 00 | ...).Df.....@d..
0000000000003750 | 10 99 29 00 44 66 0A 00  91 99 02 40 64 A6 00 10 | ..).Df.....@d...
0000000000003760 | 99 29 00 44 66 0A 00 91  99 02 40 64 A6 00 10 99 | .).Df.....@d....
0000000000003770 | 29 00 44 66 0A 00 91 99  02 40 64 A6 00 10 99 29 | ).Df.....@d....)
0000000000003780 | 00 44 66 0A 00 91 99 02  40 64 A6 00 10 99 29 00 | .Df.....@d....).
0000000000003790 | 44 66 0A 00 91 99 02 40  64 A6 00 10 99 29 00 44 | Df.....@d....).D
00000000000037A0 | 66 0A 00 91 99 02 40 64  A6 00 10 99 29 00 44 66 | f.....@d....).Df
00000000000037B0 | 0A 00 91 99 02 40 64 A6  00 10 99 29 00 44 66 0A | .....@d....).Df.
00000000000037C0 | 00 91 99 02 40 64 A6 00  10 99 29 00 44 66 0A 00 | ....@d....).Df..
00000000000037D0 | 91 99 02 40 64 A6 00 10  99 29 00 44 66 0A 00 91 | ...@d....).Df...
00000000000037E0 | 99 02 40 64 A6 00 10 99  29 00 44 66 0A 00 91 99 | ..@d....).Df....
00000000000037F0 | 02 40 64 A6 00 10 99 29  00 44 66 0A 00 91 99 02 | .@d....).Df.....
0000000000003800 | 40 64 A6 00 10 99 29 00  44 66 0A 00 91 99 02 40 | @d....).Df.....@
0000000000003810 | 64 A6 00 10 99 29 00 44  66 0A 00 91 99 02 40 64 | d....).Df.....@d
0000000000003820 | A6 00 10 99 29 00 44 66  0A 00 91 99 02 40 64 A6 | ....).Df.....@d.
0000000000003830 | 00 10 99 29 00 44 66 0A  00 91 99 02 40 64 A6 00 | ...).Df.....@d..
0000000000003840 | 10 99 29 00 44 66 0A 00  91 99 02 40 64 A6 00 10 | ..).Df.....@d...
0000000000003850 | 99 29 00 44 66 0A 00 91  99 02 40 64 A6 00 10 99 | .).Df.....@d....
0000000000003860 | 29 00 44 66 0A 00 91 99  02 40 64 A6 00 10 99 29 | ).Df.....@d....)
0000000000003870 | 00 44 66 0A 00 91 99 02  40 64 A6 00 10 99 29 00 | .Df.....@d....).
0000000000003880 | 44 66 0A 00 91 99 02 40  64 A6 00 10 99 29 00 44 | Df.....@d....).D
0000000000003890 | 66 0A 00 91 99 02 40 64  A6 00 10 99 29 00 44 66 | f.....@d....).Df
00000000000038A0 | 0A 00 91 99 02 40 64 A6  00 10 99 29 00 44 66 0A | .....@d....).Df.
00000000000038B0 | 00 91 99 02 40 64 A6 00  10 99 29 00 44 66 0A 00 | ....@d....).Df..
00000000000038C0 | 91 99 02 40 64 A6 00 10  99 29 00 44 66 0A 00 91 | ...@d....).Df...
00000000000038D0 | 99 02 40 64 A6 00 10 99  29 00 44 66 0A 00 91 99 | ..@d....).Df....
00000000000038E0 | 02 40 64 A6 00 10 99 29  00 44 66 0A 00 91 99 02 | .@d....).Df.....
00000000000038F0 | 40 64 A6 00 10 99 29 00  44 66 0A 00 91 99 02 40 | @d....).Df.....@
0000000000003900 | 64 A6 00 10 99 29 00 44  66 0A 00 91 99 02 40 64 | d....).Df.....@d
0000000000003910 | A6 00 10 99 29 00 44 66  0A 00 91 99 02 40 64 A6 | ....).Df.....@d.
0000000000003920 | 00 10 99 29 00 44 66 0A  00 91 99 02 40 64 A6 00 | ...).Df.....@d..
0000000000003930 | 10 99 29 00 44 66 0A 00  91 99 02 40 64 A6 00 10 | ..).Df.....@d...
0000000000003940 | 99 29 00 44 66 0A 00 91  99 02 40 64 A6 00 10 99 | .).Df.....@d....
0000000000003950 | 29 00 44 66 0A 00 91 99  02 40 64 A6 00 10 99 29 | ).Df.....@d....)
0000000000003960 | 00 44 66 0A 00 91 99 02  40 64 A6 00 10 99 29 00 | .Df.....@d....).
0000000000003970 | 44 66 0A 00 91 99 02 40  64 A6 00 10 99 29 00 44 | Df.....@d....).D
0000000000003980 | 66 0A 00 91 99 02 40 64  A6 00 10 99 29 00 44 66 | f.....@d....).Df
0000000000003990 | 0A 00 91 99 02 40 64 A6  00 10 99 29 00 44 66 0A | .....@d....).Df.
00000000000039A0 | 00 91 99 02 40 64 A6 00  10 99 29 00 44 66 0A 00 | ....@d....).Df..
00000000000039B0 | 91 99 02 40 64 A6 00 10  99 29 00 44 66 0A 00 91 | ...@d....).Df...
00000000000039C0 | 99 02 40 64 A6 00 10 99  29 00 44 66 0A 00 91 99 | ..@d....).Df....
00000000000039D0 | 02 40 64 A6 00 10 99 29  00 44 66 0A 00 91 99 02 | .@d....).Df.....
00000000000039E0 | 40 64 A6 00 10 99 29 00  44 66 0A 00 91 99 02 40 | @d....).Df.....@
00000000000039F0 | 64 A6 00 10 99 29 00 44  66 0A 00 91 99 02 40 64 | d....).Df.....@d
0000000000003A00 | A6 00 10 99 29 00 44 66  0A 00 91 99 02 40 64 A6 | ....).Df.....@d.
0000000000003A10 | 00 10 99 29 00 44 66 0A  00 91 99 02 40 64 A6 00 | ...).Df.....@d..
0000000000003A20 | 10 99 29 00 44 66 0A 00  91 99 02 40 64 A6 00 10 | ..).Df.....@d...
0000000000003A30 | 99 29 00 44 66 0A 00 91  99 02 40 64 A6 00 10 99 | .).Df.....@d....
0000000000003A40 | 29 00 44 66 0A 00 91 99  02 40 64 A6 00 10 99 29 | ).Df.....@d....)
0000000000003A50 | 00 44 66 0A 00 91 99 02  40 64 A6 00 10 99 29 00 | .Df.....@d....).
0000000000003A60 | 44 66 0A 00 91 99 02 40  64 A6 00 10 6D B6 D6 04 | Df.....@d...m...
0000000000003A70 | BD 86 23 2D 74 00 00 00  00 49 45 4E 44 AE 42 60 | ..#-t....IEND.B`
0000000000003A80 | 82 00 00 03 1C 49 50 4E  47 89 50 4E 47 0D 0A 1A | .....IPNG.PNG...
0000000000003A90 | 0A 00 00 00 0D 49 48 44  52 00 00 00 40 00 00 00 | .....IHDR...@...
0000000000003AA0 | 40 08 06 00 00 00 AA 69  71 DE 00 00 00 04 73 42 | @......iq.....sB
0000000000003AB0 | 49 54 08 08 08 08 7C 08  64 88 00 00 00 09 70 48 | IT....|.d.....pH
0000000000003AC0 | 59 73 00 00 0B 12 00 00  0B 12 01 D2 DD 7E FC 00 | Ys...........~..
0000000000003AD0 | 00 00 13 74 45 58 74 6F  62 6A 65 63 74 20 74 79 | ...tEXtobject ty
0000000000003AE0 | 70 65 00 74 65 78 74 75  72 65 68 09 4E 6A 00 00 | pe.textureh.Nj..
0000000000003AF0 | 00 16 77 61 44 41 69 6D  61 67 65 20 70 6F 73 69 | ..waDAimage posi
0000000000003B00 | 74 69 6F 6E 31 20 78 00  00 00 00 00 87 13 4E 65 | tion1 x.......Ne
0000000000003B10 | 00 00 00 16 77 61 44 41  69 6D 61 67 65 20 70 6F | ....waDAimage po
0000000000003B20 | 73 69 74 69 6F 6E 31 20  79 00 00 00 00 00 4C 4F | sition1 y.....LO
0000000000003B30 | 9D C0 00 00 00 16 77 61  44 41 69 6D 61 67 65 20 | ......waDAimage 
0000000000003B40 | 70 6F 73 69 74 69 6F 6E  32 20 78 00 00 00 00 3F | position2 x....?
0000000000003B50 | BF FA 64 BB 00 00 00 16  77 61 44 41 69 6D 61 67 | ..d.....waDAimag
0000000000003B60 | 65 20 70 6F 73 69 74 69  6F 6E 32 20 79 00 00 00 | e position2 y...
0000000000003B70 | 00 00 C2 C0 9A 23 00 00  00 16 77 61 44 41 69 6D | .....#....waDAim
0000000000003B80 | 61 67 65 20 70 6F 73 69  74 69 6F 6E 33 20 78 00 | age position3 x.
0000000000003B90 | 00 00 00 3F 73 50 64 25  00 00 00 16 77 61 44 41 | ...?sPd%....waDA
0000000000003BA0 | 69 6D 61 67 65 20 70 6F  73 69 74 69 6F 6E 33 20 | image position3 
0000000000003BB0 | 79 00 00 00 00 3F B8 0C  B7 80 00 00 00 16 77 61 | y....?........wa
0000000000003BC0 | 44 41 69 6D 61 67 65 20  70 6F 73 69 74 69 6F 6E | DAimage position
0000000000003BD0 | 34 20 78 00 00 00 00 00  CF F3 40 01 00 00 00 16 | 4 x.......@.....
0000000000003BE0 | 77 61 44 41 69 6D 61 67  65 20 70 6F 73 69 74 69 | waDAimage positi
0000000000003BF0 | 6F 6E 34 20 79 00 00 00  00 3F B2 C9 BE 99 00 00 | on4 y....?......
0000000000003C00 | 00 10 77 61 44 41 69 6D  61 67 65 20 61 6C 70 68 | ..waDAimage alph
0000000000003C10 | 61 00 00 00 00 FF 86 1C  5A 2D 00 00 00 11 77 61 | a.......Z-....wa
0000000000003C20 | 44 41 69 6D 61 67 65 20  68 69 64 64 65 6E 00 00 | DAimage hidden..
0000000000003C30 | 00 00 00 F9 29 EB 1A 00  00 00 19 77 61 44 41 74 | ....)......waDAt
0000000000003C40 | 65 78 74 75 72 65 20 6F  62 6A 65 63 74 20 74 79 | exture object ty
0000000000003C50 | 70 65 00 63 6F 6C 6F 72  A6 92 70 71 00 00 00 13 | pe.color..pq....
0000000000003C60 | 77 61 44 41 74 65 78 74  75 72 65 20 63 6F 6C 6F | waDAtexture colo
0000000000003C70 | 72 31 00 00 E2 90 4A 6C  D0 AE 89 00 00 00 13 77 | r1....Jl.......w
0000000000003C80 | 61 44 41 74 65 78 74 75  72 65 20 63 6F 6C 6F 72 | aDAtexture color
0000000000003C90 | 32 00 00 00 00 00 A7 6A  FA 7D 00 00 00 12 77 61 | 2......j.}....wa
0000000000003CA0 | 44 41 74 65 78 74 75 72  65 20 61 6E 67 6C 65 00 | DAtexture angle.
0000000000003CB0 | 00 00 00 00 B8 88 77 B2  00 00 00 12 77 61 44 41 | ......w.....waDA
0000000000003CC0 | 74 65 78 74 75 72 65 20  6C 65 76 65 6C 00 00 00 | texture level...
0000000000003CD0 | 00 00 CD A5 47 71 00 00  00 12 77 61 44 41 74 65 | ....Gq....waDAte
0000000000003CE0 | 78 74 75 72 65 20 70 61  74 68 6E 61 6D 65 00 40 | xture pathname.@
0000000000003CF0 | 96 3F 89 D5 00 00 00 99  49 44 41 54 78 9C ED D0 | .?......IDATx...
0000000000003D00 | 41 11 C0 20 00 C0 30 40  1E EA D0 88 91 21 23 8F | A.. ..0@.....!#.
0000000000003D10 | 35 0A 7A 9D FB DC 6F FC  D8 D2 01 5A 03 74 80 D6 | 5.z...o....Z.t..
0000000000003D20 | 00 1D A0 35 40 07 68 0D  D0 01 5A 03 74 80 D6 00 | ...5@.h...Z.t...
0000000000003D30 | 1D A0 35 40 07 68 0D D0  01 5A 03 74 80 D6 00 1D | ..5@.h...Z.t....
0000000000003D40 | A0 35 40 07 68 0D D0 01  5A 03 74 80 D6 00 1D A0 | .5@.h...Z.t.....
0000000000003D50 | 35 40 07 68 0D D0 01 5A  03 74 80 D6 00 1D A0 35 | 5@.h...Z.t.....5
0000000000003D60 | 40 07 68 0D D0 01 5A 03  74 80 D6 00 1D A0 35 40 | @.h...Z.t.....5@
0000000000003D70 | 07 68 0D D0 01 5A 03 74  80 D6 00 1D A0 35 40 07 | .h...Z.t.....5@.
0000000000003D80 | 68 0D D0 01 5A 03 74 80  D6 00 1D A0 35 40 07 68 | h...Z.t.....5@.h
0000000000003D90 | 0F C2 25 03 3B 94 DA 0D  FF 00 00 00 00 49 45 4E | ..%.;........IEN
0000000000003DA0 | 44 AE 42 60 82 00 00 00  A9 49 50 4E 47 89 50 4E | D.B`.....IPNG.PN
0000000000003DB0 | 47 0D 0A 1A 0A 00 00 00  0D 49 48 44 52 00 00 00 | G........IHDR...
0000000000003DC0 | 4C 00 00 00 01 08 06 00  00 00 74 51 48 99 00 00 | L.........tQH...
0000000000003DD0 | 00 09 70 48 59 73 00 00  0B 12 00 00 0B 12 01 D2 | ..pHYs..........
0000000000003DE0 | DD 7E FC 00 00 00 12 74  45 58 74 6F 62 6A 65 63 | .~.....tEXtobjec
0000000000003DF0 | 74 20 74 79 70 65 00 76  65 63 74 6F 72 A1 6A 69 | t type.vector.ji
0000000000003E00 | DF 00 00 00 3D 49 44 41  54 78 9C 63 60 60 60 65 | ....=IDATx.c```e
0000000000003E10 | 60 60 60 64 00 81 18 07  06 07 10 1D 05 A5 89 03 | ```d............
0000000000003E20 | 4C 0C 7F 03 CE FD 2F 92  FF 4F 91 DE 5F 0B E7 FC | L...../..O.._...
0000000000003E30 | CF 8C FF 4F 92 5E 10 00  B9 99 74 BD CC C4 2B 45 | ...O.^....t...+E
0000000000003E40 | 03 00 66 05 17 CA 71 84  D2 1D 00 00 00 00 49 45 | ..f...q.......IE
0000000000003E50 | 4E 44 AE 42 60 82 00 00  03 19 49 50 4E 47 89 50 | ND.B`.....IPNG.P
0000000000003E60 | 4E 47 0D 0A 1A 0A 00 00  00 0D 49 48 44 52 00 00 | NG........IHDR..
0000000000003E70 | 00 40 00 00 00 40 08 06  00 00 00 AA 69 71 DE 00 | .@...@......iq..
0000000000003E80 | 00 00 04 73 42 49 54 08  08 08 08 7C 08 64 88 00 | ...sBIT....|.d..
0000000000003E90 | 00 00 09 70 48 59 73 00  00 0B 12 00 00 0B 12 01 | ...pHYs.........
0000000000003EA0 | D2 DD 7E FC 00 00 00 13  74 45 58 74 6F 62 6A 65 | ..~.....tEXtobje
0000000000003EB0 | 63 74 20 74 79 70 65 00  74 65 78 74 75 72 65 68 | ct type.textureh
0000000000003EC0 | 09 4E 6A 00 00 00 16 77  61 44 41 69 6D 61 67 65 | .Nj....waDAimage
0000000000003ED0 | 20 70 6F 73 69 74 69 6F  6E 31 20 78 00 00 00 00 |  position1 x....
0000000000003EE0 | 00 87 13 4E 65 00 00 00  16 77 61 44 41 69 6D 61 | ...Ne....waDAima
0000000000003EF0 | 67 65 20 70 6F 73 69 74  69 6F 6E 31 20 79 00 00 | ge position1 y..
0000000000003F00 | 00 00 00 4C 4F 9D C0 00  00 00 16 77 61 44 41 69 | ...LO......waDAi
0000000000003F10 | 6D 61 67 65 20 70 6F 73  69 74 69 6F 6E 32 20 78 | mage position2 x
0000000000003F20 | 00 00 00 00 3F BF FA 64  BB 00 00 00 16 77 61 44 | ....?..d.....waD
0000000000003F30 | 41 69 6D 61 67 65 20 70  6F 73 69 74 69 6F 6E 32 | Aimage position2
0000000000003F40 | 20 79 00 00 00 00 00 C2  C0 9A 23 00 00 00 16 77 |  y........#....w
0000000000003F50 | 61 44 41 69 6D 61 67 65  20 70 6F 73 69 74 69 6F | aDAimage positio
0000000000003F60 | 6E 33 20 78 00 00 00 00  3F 73 50 64 25 00 00 00 | n3 x....?sPd%...
0000000000003F70 | 16 77 61 44 41 69 6D 61  67 65 20 70 6F 73 69 74 | .waDAimage posit
0000000000003F80 | 69 6F 6E 33 20 79 00 00  00 00 3F B8 0C B7 80 00 | ion3 y....?.....
0000000000003F90 | 00 00 16 77 61 44 41 69  6D 61 67 65 20 70 6F 73 | ...waDAimage pos
0000000000003FA0 | 69 74 69 6F 6E 34 20 78  00 00 00 00 00 CF F3 40 | ition4 x.......@
0000000000003FB0 | 01 00 00 00 16 77 61 44  41 69 6D 61 67 65 20 70 | .....waDAimage p
0000000000003FC0 | 6F 73 69 74 69 6F 6E 34  20 79 00 00 00 00 3F B2 | osition4 y....?.
0000000000003FD0 | C9 BE 99 00 00 00 10 77  61 44 41 69 6D 61 67 65 | .......waDAimage
0000000000003FE0 | 20 61 6C 70 68 61 00 00  00 00 FF 86 1C 5A 2D 00 |  alpha.......Z-.
0000000000003FF0 | 00 00 11 77 61 44 41 69  6D 61 67 65 20 68 69 64 | ...waDAimage hid
0000000000004000 | 64 65 6E 00 00 00 00 00  F9 29 EB 1A 00 00 00 19 | den......)......
0000000000004010 | 77 61 44 41 74 65 78 74  75 72 65 20 6F 62 6A 65 | waDAtexture obje
0000000000004020 | 63 74 20 74 79 70 65 00  63 6F 6C 6F 72 A6 92 70 | ct type.color..p
0000000000004030 | 71 00 00 00 13 77 61 44  41 74 65 78 74 75 72 65 | q....waDAtexture
0000000000004040 | 20 63 6F 6C 6F 72 31 00  00 00 00 00 21 FE 88 D3 |  color1.....!...
0000000000004050 | 00 00 00 13 77 61 44 41  74 65 78 74 75 72 65 20 | ....waDAtexture 
0000000000004060 | 63 6F 6C 6F 72 32 00 00  00 00 00 A7 6A FA 7D 00 | color2......j.}.
0000000000004070 | 00 00 12 77 61 44 41 74  65 78 74 75 72 65 20 61 | ...waDAtexture a
0000000000004080 | 6E 67 6C 65 00 00 00 00  00 B8 88 77 B2 00 00 00 | ngle.......w....
0000000000004090 | 12 77 61 44 41 74 65 78  74 75 72 65 20 6C 65 76 | .waDAtexture lev
00000000000040A0 | 65 6C 00 00 00 00 00 CD  A5 47 71 00 00 00 12 77 | el.......Gq....w
00000000000040B0 | 61 44 41 74 65 78 74 75  72 65 20 70 61 74 68 6E | aDAtexture pathn
00000000000040C0 | 61 6D 65 00 40 96 3F 89  D5 00 00 00 96 49 44 41 | ame.@.?......IDA
00000000000040D0 | 54 78 9C ED D0 41 11 C0  30 00 C3 B0 AC FC 39 77 | Tx...A..0.....9w
00000000000040E0 | 30 F4 A8 85 C0 E7 6F DB  DD C3 8E 0E D0 1A A0 03 | 0.....o.........
00000000000040F0 | B4 06 E8 00 AD 01 3A 40  6B 80 0E D0 1A A0 03 B4 | ......:@k.......
0000000000004100 | 06 E8 00 AD 01 3A 40 6B  80 0E D0 1A A0 03 B4 06 | .....:@k........
0000000000004110 | E8 00 AD 01 3A 40 6B 80  0E D0 1A A0 03 B4 06 E8 | ....:@k.........
0000000000004120 | 00 AD 01 3A 40 6B 80 0E  D0 1A A0 03 B4 06 E8 00 | ...:@k..........
0000000000004130 | AD 01 3A 40 6B 80 0E D0  1A A0 03 B4 06 E8 00 AD | ..:@k...........
0000000000004140 | 01 3A 40 6B 80 0E D0 1A  A0 03 B4 06 E8 00 AD 01 | .:@k............
0000000000004150 | 3A 40 6B 80 0E D0 1A A0  03 B4 06 E8 00 AD 01 3A | :@k............:
0000000000004160 | 40 FB 01 50 B4 01 7F 00  2A 64 F9 00 00 00 00 49 | @..P....*d.....I
0000000000004170 | 45 4E 44 AE 42 60 82 00  00 08 DB 49 50 4E 47 89 | END.B`.....IPNG.
0000000000004180 | 50 4E 47 0D 0A 1A 0A 00  00 00 0D 49 48 44 52 00 | PNG........IHDR.
0000000000004190 | 00 00 EF 00 00 00 E1 08  06 00 00 00 20 7A E2 C9 | ............ z..
00000000000041A0 | 00 00 00 04 73 42 49 54  08 08 08 08 7C 08 64 88 | ....sBIT....|.d.
00000000000041B0 | 00 00 00 09 70 48 59 73  00 00 0B 12 00 00 0B 12 | ....pHYs........
00000000000041C0 | 01 D2 DD 7E FC 00 00 00  11 74 45 58 74 6F 62 6A | ...~.....tEXtobj
00000000000041D0 | 65 63 74 20 74 79 70 65  00 69 6D 61 67 65 11 2A | ect type.image.*
00000000000041E0 | 85 AB 00 00 00 15 77 61  44 41 6F 62 6A 65 63 74 | ......waDAobject
00000000000041F0 | 20 73 75 62 74 79 70 65  00 76 65 63 74 6F 72 FA |  subtype.vector.
0000000000004200 | F8 BA 8C 00 00 00 16 77  61 44 41 69 6D 61 67 65 | .......waDAimage
0000000000004210 | 20 70 6F 73 69 74 69 6F  6E 31 20 78 00 00 00 04 |  position1 x....
0000000000004220 | 4D EB 12 B6 4C 00 00 00  16 77 61 44 41 69 6D 61 | M...L....waDAima
0000000000004230 | 67 65 20 70 6F 73 69 74  69 6F 6E 31 20 79 00 00 | ge position1 y..
0000000000004240 | 00 01 96 4C 38 9A F0 00  00 00 16 77 61 44 41 69 | ...L8......waDAi
0000000000004250 | 6D 61 67 65 20 70 6F 73  69 74 69 6F 6E 32 20 78 | mage position2 x
0000000000004260 | 00 00 00 05 3B C5 E0 54  E7 00 00 00 16 77 61 44 | ....;..T.....waD
0000000000004270 | 41 69 6D 61 67 65 20 70  6F 73 69 74 69 6F 6E 32 | Aimage position2
0000000000004280 | 20 79 00 00 00 01 96 C2  B7 9D 13 00 00 00 16 77 |  y.............w
0000000000004290 | 61 44 41 69 6D 61 67 65  20 70 6F 73 69 74 69 6F | aDAimage positio
00000000000042A0 | 6E 33 20 78 00 00 00 05  3B 09 4A 54 79 00 00 00 | n3 x....;.JTy...
00000000000042B0 | 16 77 61 44 41 69 6D 61  67 65 20 70 6F 73 69 74 | .waDAimage posit
00000000000042C0 | 69 6F 6E 33 20 79 00 00  00 02 76 85 3A 2C 36 00 | ion3 y....v.:,6.
00000000000042D0 | 00 00 16 77 61 44 41 69  6D 61 67 65 20 70 6F 73 | ...waDAimage pos
00000000000042E0 | 69 74 69 6F 6E 34 20 78  00 00 00 04 4D A3 F2 B8 | ition4 x....M...
00000000000042F0 | 28 00 00 00 16 77 61 44  41 69 6D 61 67 65 20 70 | (....waDAimage p
0000000000004300 | 6F 73 69 74 69 6F 6E 34  20 79 00 00 00 02 76 8F | osition4 y....v.
0000000000004310 | FF 25 2F 00 00 00 10 77  61 44 41 69 6D 61 67 65 | .%/....waDAimage
0000000000004320 | 20 61 6C 70 68 61 00 00  00 00 FF 86 1C 5A 2D 00 |  alpha.......Z-.
0000000000004330 | 00 00 11 77 61 44 41 69  6D 61 67 65 20 68 69 64 | ...waDAimage hid
0000000000004340 | 64 65 6E 00 00 00 00 00  F9 29 EB 1A 00 00 00 12 | den......)......
0000000000004350 | 77 61 44 41 76 65 63 74  6F 72 20 63 6C 6F 73 65 | waDAvector close
0000000000004360 | 64 00 00 00 00 01 61 F8  56 29 00 00 00 13 77 61 | d.....a.V)....wa
0000000000004370 | 44 41 76 65 63 74 6F 72  20 71 75 61 6C 69 74 79 | DAvector quality
0000000000004380 | 00 00 00 00 01 BA B9 6F  D6 00 00 00 18 77 61 44 | .......o.....waD
0000000000004390 | 41 76 65 63 74 6F 72 20  65 6C 65 6D 65 6E 74 20 | Avector element 
00000000000043A0 | 74 79 70 65 00 00 00 00  04 A1 6D A0 56 00 00 00 | type......m.V...
00000000000043B0 | 18 77 61 44 41 76 65 63  74 6F 72 20 73 74 72 6F | .waDAvector stro
00000000000043C0 | 6B 65 20 73 74 79 6C 65  00 00 00 00 00 0C 12 72 | ke style.......r
00000000000043D0 | FA 00 00 00 16 77 61 44  41 76 65 63 74 6F 72 20 | .....waDAvector 
00000000000043E0 | 73 74 72 6F 6B 65 20 63  61 70 00 00 00 00 00 E3 | stroke cap......
00000000000043F0 | 8D 8A FE 00 00 00 17 77  61 44 41 76 65 63 74 6F | .......waDAvecto
0000000000004400 | 72 20 73 74 72 6F 6B 65  20 6A 6F 69 6E 00 00 00 | r stroke join...
0000000000004410 | 00 02 1F 7B CF 6E 00 00  00 1F 77 61 44 41 76 65 | ...{.n....waDAve
0000000000004420 | 63 74 6F 72 20 73 74 61  72 74 20 73 74 72 6F 6B | ctor start strok
0000000000004430 | 65 20 6D 61 72 6B 65 72  00 00 00 00 00 A8 05 5E | e marker.......^
0000000000004440 | 26 00 00 00 1D 77 61 44  41 76 65 63 74 6F 72 20 | &....waDAvector 
0000000000004450 | 65 6E 64 20 73 74 72 6F  6B 65 20 6D 61 72 6B 65 | end stroke marke
0000000000004460 | 72 00 00 00 00 00 09 EE  A9 A5 00 00 00 1D 77 61 | r.............wa
0000000000004470 | 44 41 76 65 63 74 6F 72  20 73 74 61 72 74 20 6D | DAvector start m
0000000000004480 | 61 72 6B 65 72 20 73 69  7A 65 00 00 00 00 04 0F | arker size......
0000000000004490 | 03 68 70 00 00 00 1B 77  61 44 41 76 65 63 74 6F | .hp....waDAvecto
00000000000044A0 | 72 20 65 6E 64 20 6D 61  72 6B 65 72 20 73 69 7A | r end marker siz
00000000000044B0 | 65 00 00 00 00 04 DE AF  07 11 00 00 00 1C 77 61 | e.............wa
00000000000044C0 | 44 41 76 65 63 74 6F 72  20 73 74 72 6F 6B 65 20 | DAvector stroke 
00000000000044D0 | 77 69 64 74 68 00 3F F0  00 00 00 00 00 00 4F C0 | width.?.......O.
00000000000044E0 | D9 82 00 00 00 18 77 61  44 41 76 65 63 74 6F 72 | ......waDAvector
00000000000044F0 | 20 6D 61 74 72 69 78 20  61 00 3F F5 A2 E8 BA 2E |  matrix a.?.....
0000000000004500 | 8B A3 1F 0B DE 58 00 00  00 18 77 61 44 41 76 65 | .....X....waDAve
0000000000004510 | 63 74 6F 72 20 6D 61 74  72 69 78 20 62 00 00 00 | ctor matrix b...
0000000000004520 | 00 00 00 00 00 00 05 53  7B C9 00 00 00 18 77 61 | .......S{.....wa
0000000000004530 | 44 41 76 65 63 74 6F 72  20 6D 61 74 72 69 78 20 | DAvector matrix 
0000000000004540 | 63 00 00 00 00 00 00 00  00 00 EA 91 10 F7 00 00 | c...............
0000000000004550 | 00 18 77 61 44 41 76 65  63 74 6F 72 20 6D 61 74 | ..waDAvector mat
0000000000004560 | 72 69 78 20 64 00 40 02  79 66 ED 86 99 12 1E 87 | rix d.@.yf......
0000000000004570 | B8 62 00 00 00 18 77 61  44 41 76 65 63 74 6F 72 | .b....waDAvector
0000000000004580 | 20 6D 61 74 72 69 78 20  65 00 40 8D A3 CF 62 E8 |  matrix e.@...b.
0000000000004590 | BA 2E 27 3C C0 48 00 00  00 18 77 61 44 41 76 65 | ..'<.H....waDAve
00000000000045A0 | 63 74 6F 72 20 6D 61 74  72 69 78 20 66 00 40 64 | ctor matrix f.@d
00000000000045B0 | 68 5F 62 4F 2C DE B6 8B  C5 8D 00 00 00 20 77 61 | h_bO,........ wa
00000000000045C0 | 44 41 76 65 63 74 6F 72  20 6F 72 69 67 69 6E 61 | DAvector origina
00000000000045D0 | 6C 20 70 6F 73 69 74 69  6F 6E 31 20 78 00 00 00 | l position1 x...
00000000000045E0 | 00 71 82 DF 8B 51 00 00  00 20 77 61 44 41 76 65 | .q...Q... waDAve
00000000000045F0 | 63 74 6F 72 20 6F 72 69  67 69 6E 61 6C 20 70 6F | ctor original po
0000000000004600 | 73 69 74 69 6F 6E 31 20  79 00 00 00 00 69 5A EF | sition1 y....iZ.
0000000000004610 | C0 A2 00 00 00 20 77 61  44 41 76 65 63 74 6F 72 | ..... waDAvector
0000000000004620 | 20 6F 72 69 67 69 6E 61  6C 20 70 6F 73 69 74 69 |  original positi
0000000000004630 | 6F 6E 32 20 78 00 00 00  01 21 7E 20 EC 07 00 00 | on2 x....!~ ....
0000000000004640 | 00 20 77 61 44 41 76 65  63 74 6F 72 20 6F 72 69 | . waDAvector ori
0000000000004650 | 67 69 6E 61 6C 20 70 6F  73 69 74 69 6F 6E 32 20 | ginal position2 
0000000000004660 | 79 00 00 00 00 69 D4 60  C7 41 00 00 00 20 77 61 | y....i.`.A... wa
0000000000004670 | 44 41 76 65 63 74 6F 72  20 6F 72 69 67 69 6E 61 | DAvector origina
0000000000004680 | 6C 20 70 6F 73 69 74 69  6F 6E 33 20 78 00 00 00 | l position3 x...
0000000000004690 | 01 21 B2 8A EC 99 00 00  00 20 77 61 44 41 76 65 | .!....... waDAve
00000000000046A0 | 63 74 6F 72 20 6F 72 69  67 69 6E 61 6C 20 70 6F | ctor original po
00000000000046B0 | 73 69 74 69 6F 6E 33 20  79 00 00 00 00 CA 57 15 | sition3 y.....W.
00000000000046C0 | 35 8D 00 00 00 20 77 61  44 41 76 65 63 74 6F 72 | 5.... waDAvector
00000000000046D0 | 20 6F 72 69 67 69 6E 61  6C 20 70 6F 73 69 74 69 |  original positi
00000000000046E0 | 6F 6E 34 20 78 00 00 00  00 71 CA 3F 85 35 00 00 | on4 x....q.?.5..
00000000000046F0 | 00 20 77 61 44 41 76 65  63 74 6F 72 20 6F 72 69 | . waDAvector ori
0000000000004700 | 67 69 6E 61 6C 20 70 6F  73 69 74 69 6F 6E 34 20 | ginal position4 
0000000000004710 | 79 00 00 00 00 CA 5D D0  3C 94 00 00 00 21 77 61 | y.....].<....!wa
0000000000004720 | 44 41 76 65 63 74 6F 72  20 65 6E 61 62 6C 65 20 | DAvector enable 
0000000000004730 | 73 74 72 6F 6B 65 20 74  65 78 74 75 72 65 00 00 | stroke texture..
0000000000004740 | 00 00 00 67 BA 77 D5 00  00 00 1F 77 61 44 41 76 | ...g.w.....waDAv
0000000000004750 | 65 63 74 6F 72 20 65 6E  61 62 6C 65 20 66 69 6C | ector enable fil
0000000000004760 | 6C 20 74 65 78 74 75 72  65 00 00 00 00 01 94 DD | l texture.......
0000000000004770 | B4 D1 00 00 00 1E 77 61  44 41 76 65 63 74 6F 72 | ......waDAvector
0000000000004780 | 20 65 66 66 65 63 74 20  6F 62 6A 65 63 74 20 74 |  effect object t
0000000000004790 | 79 70 65 00 6E 6F 6E 65  78 01 C3 67 00 00 02 A6 | ype.nonex..g....
00000000000047A0 | 49 44 41 54 78 9C ED D3  41 0D 00 20 10 C0 B0 03 | IDATx...A.. ....
00000000000047B0 | FF 9E C1 03 1F B2 A4 55  B0 CF D6 99 39 03 E4 EC | .......U....9...
00000000000047C0 | DF 01 C0 1B F3 42 94 79  21 CA BC 10 65 5E 88 32 | .....B.y!...e^.2
00000000000047D0 | 2F 44 99 17 A2 CC 0B 51  E6 85 28 F3 42 94 79 21 | /D.....Q..(.B.y!
00000000000047E0 | CA BC 10 65 5E 88 32 2F  44 99 17 A2 CC 0B 51 E6 | ...e^.2/D.....Q.
00000000000047F0 | 85 28 F3 42 94 79 21 CA  BC 10 65 5E 88 32 2F 44 | .(.B.y!...e^.2/D
0000000000004800 | 99 17 A2 CC 0B 51 E6 85  28 F3 42 94 79 21 CA BC | .....Q..(.B.y!..
0000000000004810 | 10 65 5E 88 32 2F 44 99  17 A2 CC 0B 51 E6 85 28 | .e^.2/D.....Q..(
0000000000004820 | F3 42 94 79 21 CA BC 10  65 5E 88 32 2F 44 99 17 | .B.y!...e^.2/D..
0000000000004830 | A2 CC 0B 51 E6 85 28 F3  42 94 79 21 CA BC 10 65 | ...Q..(.B.y!...e
0000000000004840 | 5E 88 32 2F 44 99 17 A2  CC 0B 51 E6 85 28 F3 42 | ^.2/D.....Q..(.B
0000000000004850 | 94 79 21 CA BC 10 65 5E  88 32 2F 44 99 17 A2 CC | .y!...e^.2/D....
0000000000004860 | 0B 51 E6 85 28 F3 42 94  79 21 CA BC 10 65 5E 88 | .Q..(.B.y!...e^.
0000000000004870 | 32 2F 44 99 17 A2 CC 0B  51 E6 85 28 F3 42 94 79 | 2/D.....Q..(.B.y
0000000000004880 | 21 CA BC 10 65 5E 88 32  2F 44 99 17 A2 CC 0B 51 | !...e^.2/D.....Q
0000000000004890 | E6 85 28 F3 42 94 79 21  CA BC 10 65 5E 88 32 2F | ..(.B.y!...e^.2/
00000000000048A0 | 44 99 17 A2 CC 0B 51 E6  85 28 F3 42 94 79 21 CA | D.....Q..(.B.y!.
00000000000048B0 | BC 10 65 5E 88 32 2F 44  99 17 A2 CC 0B 51 E6 85 | ..e^.2/D.....Q..
00000000000048C0 | 28 F3 42 94 79 21 CA BC  10 65 5E 88 32 2F 44 99 | (.B.y!...e^.2/D.
00000000000048D0 | 17 A2 CC 0B 51 E6 85 28  F3 42 94 79 21 CA BC 10 | ....Q..(.B.y!...
00000000000048E0 | 65 5E 88 32 2F 44 99 17  A2 CC 0B 51 E6 85 28 F3 | e^.2/D.....Q..(.
00000000000048F0 | 42 94 79 21 CA BC 10 65  5E 88 32 2F 44 99 17 A2 | B.y!...e^.2/D...
0000000000004900 | CC 0B 51 E6 85 28 F3 42  94 79 21 CA BC 10 65 5E | ..Q..(.B.y!...e^
0000000000004910 | 88 32 2F 44 99 17 A2 CC  0B 51 E6 85 28 F3 42 94 | .2/D.....Q..(.B.
0000000000004920 | 79 21 CA BC 10 65 5E 88  32 2F 44 99 17 A2 CC 0B | y!...e^.2/D.....
0000000000004930 | 51 E6 85 28 F3 42 94 79  21 CA BC 10 65 5E 88 32 | Q..(.B.y!...e^.2
0000000000004940 | 2F 44 99 17 A2 CC 0B 51  E6 85 28 F3 42 94 79 21 | /D.....Q..(.B.y!
0000000000004950 | CA BC 10 65 5E 88 32 2F  44 99 17 A2 CC 0B 51 E6 | ...e^.2/D.....Q.
0000000000004960 | 85 28 F3 42 94 79 21 CA  BC 10 65 5E 88 32 2F 44 | .(.B.y!...e^.2/D
0000000000004970 | 99 17 A2 CC 0B 51 E6 85  28 F3 42 94 79 21 CA BC | .....Q..(.B.y!..
0000000000004980 | 10 65 5E 88 32 2F 44 99  17 A2 CC 0B 51 E6 85 28 | .e^.2/D.....Q..(
0000000000004990 | F3 42 94 79 21 CA BC 10  65 5E 88 32 2F 44 99 17 | .B.y!...e^.2/D..
00000000000049A0 | A2 CC 0B 51 E6 85 28 F3  42 94 79 21 CA BC 10 65 | ...Q..(.B.y!...e
00000000000049B0 | 5E 88 32 2F 44 99 17 A2  CC 0B 51 E6 85 28 F3 42 | ^.2/D.....Q..(.B
00000000000049C0 | 94 79 21 CA BC 10 65 5E  88 32 2F 44 99 17 A2 CC | .y!...e^.2/D....
00000000000049D0 | 0B 51 E6 85 28 F3 42 94  79 21 CA BC 10 65 5E 88 | .Q..(.B.y!...e^.
00000000000049E0 | 32 2F 44 99 17 A2 CC 0B  51 E6 85 28 F3 42 94 79 | 2/D.....Q..(.B.y
00000000000049F0 | 21 CA BC 10 65 5E 88 32  2F 44 99 17 A2 CC 0B 51 | !...e^.2/D.....Q
0000000000004A00 | E6 85 28 F3 42 94 79 21  CA BC 10 65 5E 88 32 2F | ..(.B.y!...e^.2/
0000000000004A10 | 44 99 17 A2 CC 0B 51 E6  85 28 F3 42 94 79 21 CA | D.....Q..(.B.y!.
0000000000004A20 | BC 10 65 5E 88 32 2F 44  99 17 A2 CC 0B 51 E6 85 | ..e^.2/D.....Q..
0000000000004A30 | 28 F3 42 94 79 21 CA BC  10 65 5E 88 32 2F 44 99 | (.B.y!...e^.2/D.
0000000000004A40 | 17 A2 CC 0B 51 17 BC 13  03 C0 D7 01 01 BD 00 00 | ....Q...........
0000000000004A50 | 00 00 49 45 4E 44 AE 42  60 82 00 00 03 18 49 50 | ..IEND.B`.....IP
0000000000004A60 | 4E 47 89 50 4E 47 0D 0A  1A 0A 00 00 00 0D 49 48 | NG.PNG........IH
0000000000004A70 | 44 52 00 00 00 40 00 00  00 40 08 06 00 00 00 AA | DR...@...@......
0000000000004A80 | 69 71 DE 00 00 00 04 73  42 49 54 08 08 08 08 7C | iq.....sBIT....|
0000000000004A90 | 08 64 88 00 00 00 09 70  48 59 73 00 00 0B 12 00 | .d.....pHYs.....
0000000000004AA0 | 00 0B 12 01 D2 DD 7E FC  00 00 00 13 74 45 58 74 | ......~.....tEXt
0000000000004AB0 | 6F 62 6A 65 63 74 20 74  79 70 65 00 74 65 78 74 | object type.text
0000000000004AC0 | 75 72 65 68 09 4E 6A 00  00 00 16 77 61 44 41 69 | ureh.Nj....waDAi
0000000000004AD0 | 6D 61 67 65 20 70 6F 73  69 74 69 6F 6E 31 20 78 | mage position1 x
0000000000004AE0 | 00 00 00 00 00 87 13 4E  65 00 00 00 16 77 61 44 | .......Ne....waD
0000000000004AF0 | 41 69 6D 61 67 65 20 70  6F 73 69 74 69 6F 6E 31 | Aimage position1
0000000000004B00 | 20 79 00 00 00 00 00 4C  4F 9D C0 00 00 00 16 77 |  y.....LO......w
0000000000004B10 | 61 44 41 69 6D 61 67 65  20 70 6F 73 69 74 69 6F | aDAimage positio
0000000000004B20 | 6E 32 20 78 00 00 00 00  3F BF FA 64 BB 00 00 00 | n2 x....?..d....
0000000000004B30 | 16 77 61 44 41 69 6D 61  67 65 20 70 6F 73 69 74 | .waDAimage posit
0000000000004B40 | 69 6F 6E 32 20 79 00 00  00 00 00 C2 C0 9A 23 00 | ion2 y........#.
0000000000004B50 | 00 00 16 77 61 44 41 69  6D 61 67 65 20 70 6F 73 | ...waDAimage pos
0000000000004B60 | 69 74 69 6F 6E 33 20 78  00 00 00 00 3F 73 50 64 | ition3 x....?sPd
0000000000004B70 | 25 00 00 00 16 77 61 44  41 69 6D 61 67 65 20 70 | %....waDAimage p
0000000000004B80 | 6F 73 69 74 69 6F 6E 33  20 79 00 00 00 00 3F B8 | osition3 y....?.
0000000000004B90 | 0C B7 80 00 00 00 16 77  61 44 41 69 6D 61 67 65 | .......waDAimage
0000000000004BA0 | 20 70 6F 73 69 74 69 6F  6E 34 20 78 00 00 00 00 |  position4 x....
0000000000004BB0 | 00 CF F3 40 01 00 00 00  16 77 61 44 41 69 6D 61 | ...@.....waDAima
0000000000004BC0 | 67 65 20 70 6F 73 69 74  69 6F 6E 34 20 79 00 00 | ge position4 y..
0000000000004BD0 | 00 00 3F B2 C9 BE 99 00  00 00 10 77 61 44 41 69 | ..?........waDAi
0000000000004BE0 | 6D 61 67 65 20 61 6C 70  68 61 00 00 00 00 FF 86 | mage alpha......
0000000000004BF0 | 1C 5A 2D 00 00 00 11 77  61 44 41 69 6D 61 67 65 | .Z-....waDAimage
0000000000004C00 | 20 68 69 64 64 65 6E 00  00 00 00 00 F9 29 EB 1A |  hidden......)..
0000000000004C10 | 00 00 00 19 77 61 44 41  74 65 78 74 75 72 65 20 | ....waDAtexture 
0000000000004C20 | 6F 62 6A 65 63 74 20 74  79 70 65 00 63 6F 6C 6F | object type.colo
0000000000004C30 | 72 A6 92 70 71 00 00 00  13 77 61 44 41 74 65 78 | r..pq....waDAtex
0000000000004C40 | 74 75 72 65 20 63 6F 6C  6F 72 31 00 00 00 00 FF | ture color1.....
0000000000004C50 | 0C FC 67 5E 00 00 00 13  77 61 44 41 74 65 78 74 | ..g^....waDAtext
0000000000004C60 | 75 72 65 20 63 6F 6C 6F  72 32 00 00 00 00 00 A7 | ure color2......
0000000000004C70 | 6A FA 7D 00 00 00 12 77  61 44 41 74 65 78 74 75 | j.}....waDAtextu
0000000000004C80 | 72 65 20 61 6E 67 6C 65  00 00 00 00 00 B8 88 77 | re angle.......w
0000000000004C90 | B2 00 00 00 12 77 61 44  41 74 65 78 74 75 72 65 | .....waDAtexture
0000000000004CA0 | 20 6C 65 76 65 6C 00 00  00 00 00 CD A5 47 71 00 |  level.......Gq.
0000000000004CB0 | 00 00 12 77 61 44 41 74  65 78 74 75 72 65 20 70 | ...waDAtexture p
0000000000004CC0 | 61 74 68 6E 61 6D 65 00  40 96 3F 89 D5 00 00 00 | athname.@.?.....
0000000000004CD0 | 95 49 44 41 54 78 9C ED  D0 41 11 00 20 0C C0 B0 | .IDATx...A.. ...
0000000000004CE0 | 81 7F CF 43 46 1E 34 0A  7A 3D 3B B3 F3 B1 AB 03 | ...CF.4.z=;.....
0000000000004CF0 | B4 06 E8 00 AD 01 3A 40  6B 80 0E D0 1A A0 03 B4 | ......:@k.......
0000000000004D00 | 06 E8 00 AD 01 3A 40 6B  80 0E D0 1A A0 03 B4 06 | .....:@k........
0000000000004D10 | E8 00 AD 01 3A 40 6B 80  0E D0 1A A0 03 B4 06 E8 | ....:@k.........
0000000000004D20 | 00 AD 01 3A 40 6B 80 0E  D0 1A A0 03 B4 06 E8 00 | ...:@k..........
0000000000004D30 | AD 01 3A 40 6B 80 0E D0  1A A0 03 B4 06 E8 00 AD | ..:@k...........
0000000000004D40 | 01 3A 40 6B 80 0E D0 1A  A0 03 B4 06 E8 00 AD 01 | .:@k............
0000000000004D50 | 3A 40 6B 80 0E D0 1A A0  03 B4 06 E8 00 AD 01 3A | :@k............:
0000000000004D60 | 40 6B 80 0E D0 1E 53 35  02 7E E0 D9 51 46 00 00 | @k....S5.~..QF..
0000000000004D70 | 00 00 49 45 4E 44 AE 42  60 82 00 00 00 A9 49 50 | ..IEND.B`.....IP
0000000000004D80 | 4E 47 89 50 4E 47 0D 0A  1A 0A 00 00 00 0D 49 48 | NG.PNG........IH
0000000000004D90 | 44 52 00 00 00 4C 00 00  00 01 08 06 00 00 00 74 | DR...L.........t
0000000000004DA0 | 51 48 99 00 00 00 09 70  48 59 73 00 00 0B 12 00 | QH.....pHYs.....
0000000000004DB0 | 00 0B 12 01 D2 DD 7E FC  00 00 00 12 74 45 58 74 | ......~.....tEXt
0000000000004DC0 | 6F 62 6A 65 63 74 20 74  79 70 65 00 76 65 63 74 | object type.vect
0000000000004DD0 | 6F 72 A1 6A 69 DF 00 00  00 3D 49 44 41 54 78 9C | or.ji....=IDATx.
0000000000004DE0 | 63 60 60 60 65 60 60 60  64 00 81 18 07 06 07 10 | c```e```d.......
0000000000004DF0 | 1D 05 A5 89 03 4C 0C 7F  03 CE FD 2F 92 FF 4F 91 | .....L...../..O.
0000000000004E00 | DE 5F 0B E7 FC CF 8C FF  4F 92 5E 10 00 B9 99 74 | ._......O.^....t
0000000000004E10 | BD CC C4 2B 45 03 00 66  05 17 CA 71 84 D2 1D 00 | ...+E..f...q....
0000000000004E20 | 00 00 00 49 45 4E 44 AE  42 60 82 00 00 03 19 49 | ...IEND.B`.....I
0000000000004E30 | 50 4E 47 89 50 4E 47 0D  0A 1A 0A 00 00 00 0D 49 | PNG.PNG........I
0000000000004E40 | 48 44 52 00 00 00 40 00  00 00 40 08 06 00 00 00 | HDR...@...@.....
0000000000004E50 | AA 69 71 DE 00 00 00 04  73 42 49 54 08 08 08 08 | .iq.....sBIT....
0000000000004E60 | 7C 08 64 88 00 00 00 09  70 48 59 73 00 00 0B 12 | |.d.....pHYs....
0000000000004E70 | 00 00 0B 12 01 D2 DD 7E  FC 00 00 00 13 74 45 58 | .......~.....tEX
0000000000004E80 | 74 6F 62 6A 65 63 74 20  74 79 70 65 00 74 65 78 | tobject type.tex
0000000000004E90 | 74 75 72 65 68 09 4E 6A  00 00 00 16 77 61 44 41 | tureh.Nj....waDA
0000000000004EA0 | 69 6D 61 67 65 20 70 6F  73 69 74 69 6F 6E 31 20 | image position1 
0000000000004EB0 | 78 00 00 00 00 00 87 13  4E 65 00 00 00 16 77 61 | x.......Ne....wa
0000000000004EC0 | 44 41 69 6D 61 67 65 20  70 6F 73 69 74 69 6F 6E | DAimage position
0000000000004ED0 | 31 20 79 00 00 00 00 00  4C 4F 9D C0 00 00 00 16 | 1 y.....LO......
0000000000004EE0 | 77 61 44 41 69 6D 61 67  65 20 70 6F 73 69 74 69 | waDAimage positi
0000000000004EF0 | 6F 6E 32 20 78 00 00 00  00 3F BF FA 64 BB 00 00 | on2 x....?..d...
0000000000004F00 | 00 16 77 61 44 41 69 6D  61 67 65 20 70 6F 73 69 | ..waDAimage posi
0000000000004F10 | 74 69 6F 6E 32 20 79 00  00 00 00 00 C2 C0 9A 23 | tion2 y........#
0000000000004F20 | 00 00 00 16 77 61 44 41  69 6D 61 67 65 20 70 6F | ....waDAimage po
0000000000004F30 | 73 69 74 69 6F 6E 33 20  78 00 00 00 00 3F 73 50 | sition3 x....?sP
0000000000004F40 | 64 25 00 00 00 16 77 61  44 41 69 6D 61 67 65 20 | d%....waDAimage 
0000000000004F50 | 70 6F 73 69 74 69 6F 6E  33 20 79 00 00 00 00 3F | position3 y....?
0000000000004F60 | B8 0C B7 80 00 00 00 16  77 61 44 41 69 6D 61 67 | ........waDAimag
0000000000004F70 | 65 20 70 6F 73 69 74 69  6F 6E 34 20 78 00 00 00 | e position4 x...
0000000000004F80 | 00 00 CF F3 40 01 00 00  00 16 77 61 44 41 69 6D | ....@.....waDAim
0000000000004F90 | 61 67 65 20 70 6F 73 69  74 69 6F 6E 34 20 79 00 | age position4 y.
0000000000004FA0 | 00 00 00 3F B2 C9 BE 99  00 00 00 10 77 61 44 41 | ...?........waDA
0000000000004FB0 | 69 6D 61 67 65 20 61 6C  70 68 61 00 00 00 00 FF | image alpha.....
0000000000004FC0 | 86 1C 5A 2D 00 00 00 11  77 61 44 41 69 6D 61 67 | ..Z-....waDAimag
0000000000004FD0 | 65 20 68 69 64 64 65 6E  00 00 00 00 00 F9 29 EB | e hidden......).
0000000000004FE0 | 1A 00 00 00 19 77 61 44  41 74 65 78 74 75 72 65 | .....waDAtexture
0000000000004FF0 | 20 6F 62 6A 65 63 74 20  74 79 70 65 00 63 6F 6C |  object type.col
0000000000005000 | 6F 72 A6 92 70 71 00 00  00 13 77 61 44 41 74 65 | or..pq....waDAte
0000000000005010 | 78 74 75 72 65 20 63 6F  6C 6F 72 31 00 00 00 00 | xture color1....
0000000000005020 | 00 21 FE 88 D3 00 00 00  13 77 61 44 41 74 65 78 | .!.......waDAtex
0000000000005030 | 74 75 72 65 20 63 6F 6C  6F 72 32 00 00 00 00 00 | ture color2.....
0000000000005040 | A7 6A FA 7D 00 00 00 12  77 61 44 41 74 65 78 74 | .j.}....waDAtext
0000000000005050 | 75 72 65 20 61 6E 67 6C  65 00 00 00 00 00 B8 88 | ure angle.......
0000000000005060 | 77 B2 00 00 00 12 77 61  44 41 74 65 78 74 75 72 | w.....waDAtextur
0000000000005070 | 65 20 6C 65 76 65 6C 00  00 00 00 00 CD A5 47 71 | e level.......Gq
0000000000005080 | 00 00 00 12 77 61 44 41  74 65 78 74 75 72 65 20 | ....waDAtexture 
0000000000005090 | 70 61 74 68 6E 61 6D 65  00 40 96 3F 89 D5 00 00 | pathname.@.?....
00000000000050A0 | 00 96 49 44 41 54 78 9C  ED D0 41 11 C0 30 00 C3 | ..IDATx...A..0..
00000000000050B0 | B0 AC FC 39 77 30 F4 A8  85 C0 E7 6F DB DD C3 8E | ...9w0.....o....
00000000000050C0 | 0E D0 1A A0 03 B4 06 E8  00 AD 01 3A 40 6B 80 0E | ...........:@k..
00000000000050D0 | D0 1A A0 03 B4 06 E8 00  AD 01 3A 40 6B 80 0E D0 | ..........:@k...
00000000000050E0 | 1A A0 03 B4 06 E8 00 AD  01 3A 40 6B 80 0E D0 1A | .........:@k....
00000000000050F0 | A0 03 B4 06 E8 00 AD 01  3A 40 6B 80 0E D0 1A A0 | ........:@k.....
0000000000005100 | 03 B4 06 E8 00 AD 01 3A  40 6B 80 0E D0 1A A0 03 | .......:@k......
0000000000005110 | B4 06 E8 00 AD 01 3A 40  6B 80 0E D0 1A A0 03 B4 | ......:@k.......
0000000000005120 | 06 E8 00 AD 01 3A 40 6B  80 0E D0 1A A0 03 B4 06 | .....:@k........
0000000000005130 | E8 00 AD 01 3A 40 FB 01  50 B4 01 7F 00 2A 64 F9 | ....:@..P....*d.
0000000000005140 | 00 00 00 00 49 45 4E 44  AE 42 60 82 00 00 00 00 | ....IEND.B`.....
0000000000005150 | 4D 45 4E 44                                      | MEND            
